First Instructor UID,Term,Class Length,Available Courses,Employment Status,Role,Morning Rank,Afternoon Rank,Evening Rank
4812434537.0,20153,87.5,"'GSBA-545', 'GSBA-560', 'GSBA-561', 'GSBA-562A', 'GSBA-570', 'GSBA-571', 'GSBA-572A', 'GSBA-574', 'GSBA-562', 'GSBA-562B', 'GSBA-563A', 'GSBA-572B', 'GSBA-573A', 'GSBA-563B', 'GSBA-564', 'GSBA-573B'",Full-Time,Clinical,0,1,2
4812434537.0,20172,60.0,"'GSBA-545', 'GSBA-560', 'GSBA-561', 'GSBA-562A', 'GSBA-570', 'GSBA-571', 'GSBA-572A', 'GSBA-574', 'GSBA-562', 'GSBA-562B', 'GSBA-563A', 'GSBA-572B', 'GSBA-573A', 'GSBA-563B', 'GSBA-564', 'GSBA-573B'",Full-Time,Clinical,2,0,1
4812434537.0,20171,60.0,"'GSBA-545', 'GSBA-560', 'GSBA-561', 'GSBA-562A', 'GSBA-570', 'GSBA-571', 'GSBA-572A', 'GSBA-574', 'GSBA-562', 'GSBA-562B', 'GSBA-563A', 'GSBA-572B', 'GSBA-573A', 'GSBA-563B', 'GSBA-564', 'GSBA-573B'",Full-Time,Clinical,2,0,1
4812434537.0,20162,15.0,"'GSBA-545', 'GSBA-560', 'GSBA-561', 'GSBA-562A', 'GSBA-570', 'GSBA-571', 'GSBA-572A', 'GSBA-574', 'GSBA-562', 'GSBA-562B', 'GSBA-563A', 'GSBA-572B', 'GSBA-573A', 'GSBA-563B', 'GSBA-564', 'GSBA-573B'",Full-Time,Clinical,1,2,0
4812434537.0,20163,4.5,"'GSBA-545', 'GSBA-560', 'GSBA-561', 'GSBA-562A', 'GSBA-570', 'GSBA-571', 'GSBA-572A', 'GSBA-574', 'GSBA-562', 'GSBA-562B', 'GSBA-563A', 'GSBA-572B', 'GSBA-573A', 'GSBA-563B', 'GSBA-564', 'GSBA-573B'",Full-Time,Clinical,1,2,0
2777674067.0,20162,40.0,"'GSBA-562', 'GSBA-572', 'GSBA-563', 'GSBA-573', 'GSBA-574', 'GSBA-580A', 'GSBA-560', 'GSBA-561', 'GSBA-564', 'GSBA-570', 'GSBA-571'",Full-Time,Clinical,1,0,2
2777674067.0,20161,28.5,"'GSBA-562', 'GSBA-572', 'GSBA-563', 'GSBA-573', 'GSBA-574', 'GSBA-580A', 'GSBA-560', 'GSBA-561', 'GSBA-564', 'GSBA-570', 'GSBA-571'",Full-Time,Clinical,1,0,2
2777674067.0,20172,24.0,"'GSBA-562', 'GSBA-572', 'GSBA-563', 'GSBA-573', 'GSBA-574', 'GSBA-580A', 'GSBA-560', 'GSBA-561', 'GSBA-564', 'GSBA-570', 'GSBA-571'",Full-Time,Clinical,0,1,2
2777674067.0,20153,15.0,"'GSBA-562', 'GSBA-572', 'GSBA-563', 'GSBA-573', 'GSBA-574', 'GSBA-580A', 'GSBA-560', 'GSBA-561', 'GSBA-564', 'GSBA-570', 'GSBA-571'",Full-Time,Clinical,0,2,1
2777674067.0,20163,15.0,"'GSBA-562', 'GSBA-572', 'GSBA-563', 'GSBA-573', 'GSBA-574', 'GSBA-580A', 'GSBA-560', 'GSBA-561', 'GSBA-564', 'GSBA-570', 'GSBA-571'",Full-Time,Clinical,1,0,2
2777674067.0,20171,4.5,"'GSBA-562', 'GSBA-572', 'GSBA-563', 'GSBA-573', 'GSBA-574', 'GSBA-580A', 'GSBA-560', 'GSBA-561', 'GSBA-564', 'GSBA-570', 'GSBA-571'",Full-Time,Clinical,1,2,0
7043326967.0,20161,33.5,"'GSBA-563A', 'GSBA-572B', 'MOR-588', 'GSBA-563B', 'GSBA-564', 'GSBA-572', 'GSBA-572A'",Full-Time,Tenure Track,1,0,2
7043326967.0,20162,30.0,"'GSBA-563A', 'GSBA-572B', 'MOR-588', 'GSBA-563B', 'GSBA-564', 'GSBA-572', 'GSBA-572A'",Full-Time,Tenure Track,0,2,1
7043326967.0,20163,22.5,"'GSBA-563A', 'GSBA-572B', 'MOR-588', 'GSBA-563B', 'GSBA-564', 'GSBA-572', 'GSBA-572A'",Full-Time,Tenure Track,2,0,1
7043326967.0,20171,1.5,"'GSBA-563A', 'GSBA-572B', 'MOR-588', 'GSBA-563B', 'GSBA-564', 'GSBA-572', 'GSBA-572A'",Full-Time,Tenure Track,0,2,1
6269702777.0,20161,28.0,"'BUAD-304', 'MOR-331', 'MOR-431', 'GSBA-533', 'MOR-472', 'MOR-571', 'MOR-572', 'MOR-598', 'MOR-570'",Full-Time,Clinical,1,2,0
6269702777.0,20153,20.0,"'BUAD-304', 'MOR-331', 'MOR-431', 'GSBA-533', 'MOR-472', 'MOR-571', 'MOR-572', 'MOR-598', 'MOR-570'",Full-Time,Clinical,2,1,0
6269702777.0,20163,14.5,"'BUAD-304', 'MOR-331', 'MOR-431', 'GSBA-533', 'MOR-472', 'MOR-571', 'MOR-572', 'MOR-598', 'MOR-570'",Full-Time,Clinical,2,0,1
6269702777.0,20172,4.0,"'BUAD-304', 'MOR-331', 'MOR-431', 'GSBA-533', 'MOR-472', 'MOR-571', 'MOR-572', 'MOR-598', 'MOR-570'",Full-Time,Clinical,0,2,1
6269702777.0,20171,1.5,"'BUAD-304', 'MOR-331', 'MOR-431', 'GSBA-533', 'MOR-472', 'MOR-571', 'MOR-572', 'MOR-598', 'MOR-570'",Full-Time,Clinical,1,2,0
6766950972.0,20163,26.0,"'BUAD-304', 'BUAD-104', 'MOR-431'",Full-Time,Clinical,1,0,2
6766950972.0,20161,24.0,"'BUAD-304', 'BUAD-104', 'MOR-431'",Full-Time,Clinical,0,2,1
6766950972.0,20153,22.0,"'BUAD-304', 'BUAD-104', 'MOR-431'",Full-Time,Clinical,2,0,1
6766950972.0,20171,14.0,"'BUAD-304', 'BUAD-104', 'MOR-431'",Full-Time,Clinical,2,0,1
5282542883.0,20171,25.0,"'GSBA-529', 'MOR-545', 'GSBA-573A', 'MOR-555', 'GSBA-573B', 'GSBA-501', 'GSBA-573', 'GSBA-574'",Full-Time,Clinical,0,1,2
5282542883.0,20161,18.0,"'GSBA-529', 'MOR-545', 'GSBA-573A', 'MOR-555', 'GSBA-573B', 'GSBA-501', 'GSBA-573', 'GSBA-574'",Full-Time,Clinical,1,2,0
5282542883.0,20162,15.0,"'GSBA-529', 'MOR-545', 'GSBA-573A', 'MOR-555', 'GSBA-573B', 'GSBA-501', 'GSBA-573', 'GSBA-574'",Full-Time,Clinical,2,0,1
5282542883.0,20163,12.0,"'GSBA-529', 'MOR-545', 'GSBA-573A', 'MOR-555', 'GSBA-573B', 'GSBA-501', 'GSBA-573', 'GSBA-574'",Full-Time,Clinical,2,0,1
5282542883.0,20153,5.5,"'GSBA-529', 'MOR-545', 'GSBA-573A', 'MOR-555', 'GSBA-573B', 'GSBA-501', 'GSBA-573', 'GSBA-574'",Full-Time,Clinical,2,0,1
5755683985.0,20163,24.0,"'ECON-351', 'GSBA-511', 'GSBA-544'",Full-Time,Clinical,0,2,1
5755683985.0,20161,6.0,"'ECON-351', 'GSBA-511', 'GSBA-544'",Full-Time,Clinical,2,0,1
5755683985.0,20171,4.0,"'ECON-351', 'GSBA-511', 'GSBA-544'",Full-Time,Clinical,1,2,0
7243588029.0,20161,19.5,"'DSO-528', 'GSBA-506A', 'GSBA-524', 'BUAD-206B', 'GSBA-506B', 'BUAD-425', 'GSBA-537', 'GSBA-539'",Full-Time,Clinical,1,2,0
7243588029.0,20153,17.0,"'DSO-528', 'GSBA-506A', 'GSBA-524', 'BUAD-206B', 'GSBA-506B', 'BUAD-425', 'GSBA-537', 'GSBA-539'",Full-Time,Clinical,0,2,1
7243588029.0,20171,14.0,"'DSO-528', 'GSBA-506A', 'GSBA-524', 'BUAD-206B', 'GSBA-506B', 'BUAD-425', 'GSBA-537', 'GSBA-539'",Full-Time,Clinical,0,2,1
7243588029.0,20163,7.5,"'DSO-528', 'GSBA-506A', 'GSBA-524', 'BUAD-206B', 'GSBA-506B', 'BUAD-425', 'GSBA-537', 'GSBA-539'",Full-Time,Clinical,1,2,0
7243588029.0,20172,6.0,"'DSO-528', 'GSBA-506A', 'GSBA-524', 'BUAD-206B', 'GSBA-506B', 'BUAD-425', 'GSBA-537', 'GSBA-539'",Full-Time,Clinical,1,2,0
7243588029.0,20162,5.0,"'DSO-528', 'GSBA-506A', 'GSBA-524', 'BUAD-206B', 'GSBA-506B', 'BUAD-425', 'GSBA-537', 'GSBA-539'",Full-Time,Clinical,0,2,1
8225711264.0,20161,18.5,"'MOR-492', 'MOR-542', 'MOR-562', 'BUAD-102', 'FIM-582', 'GSBA-543', 'GSBA-582', 'GSBA-519B', 'BUAD-104'",Full-Time,Clinical,2,0,1
8225711264.0,20153,9.5,"'MOR-492', 'MOR-542', 'MOR-562', 'BUAD-102', 'FIM-582', 'GSBA-543', 'GSBA-582', 'GSBA-519B', 'BUAD-104'",Full-Time,Clinical,0,2,1
8225711264.0,20171,8.5,"'MOR-492', 'MOR-542', 'MOR-562', 'BUAD-102', 'FIM-582', 'GSBA-543', 'GSBA-582', 'GSBA-519B', 'BUAD-104'",Full-Time,Clinical,1,0,2
8225711264.0,20172,8.0,"'MOR-492', 'MOR-542', 'MOR-562', 'BUAD-102', 'FIM-582', 'GSBA-543', 'GSBA-582', 'GSBA-519B', 'BUAD-104'",Full-Time,Clinical,1,2,0
8225711264.0,20162,8.0,"'MOR-492', 'MOR-542', 'MOR-562', 'BUAD-102', 'FIM-582', 'GSBA-543', 'GSBA-582', 'GSBA-519B', 'BUAD-104'",Full-Time,Clinical,1,2,0
8225711264.0,20163,7.0,"'MOR-492', 'MOR-542', 'MOR-562', 'BUAD-102', 'FIM-582', 'GSBA-543', 'GSBA-582', 'GSBA-519B', 'BUAD-104'",Full-Time,Clinical,0,1,2
4646360233.0,20163,18.0,"'DSO-505', 'DSO-506', 'DSO-581', 'DSO-621'",Full-Time,Tenure Track,2,0,1
4646360233.0,20153,18.0,"'DSO-505', 'DSO-506', 'DSO-581', 'DSO-621'",Full-Time,Tenure Track,1,2,0
4646360233.0,20161,4.5,"'DSO-505', 'DSO-506', 'DSO-581', 'DSO-621'",Full-Time,Tenure Track,0,1,2
4646360233.0,20171,4.5,"'DSO-505', 'DSO-506', 'DSO-581', 'DSO-621'",Full-Time,Tenure Track,2,1,0
6878200961.0,20153,18.0,"'BUAD-497', 'GSBA-522A', 'GSBA-522B'",Full-Time,Clinical,0,2,1
6878200961.0,20163,18.0,"'BUAD-497', 'GSBA-522A', 'GSBA-522B'",Full-Time,Clinical,0,1,2
6878200961.0,20161,12.0,"'BUAD-497', 'GSBA-522A', 'GSBA-522B'",Full-Time,Clinical,0,1,2
6878200961.0,20171,12.0,"'BUAD-497', 'GSBA-522A', 'GSBA-522B'",Full-Time,Clinical,0,2,1
9646919618.0,20163,17.0,"'BUAD-307', 'GSBA-528', 'MKT-385'",Full-Time,Clinical,0,2,1
9646919618.0,20153,15.0,"'BUAD-307', 'GSBA-528', 'MKT-385'",Full-Time,Clinical,0,1,2
9646919618.0,20171,12.0,"'BUAD-307', 'GSBA-528', 'MKT-385'",Full-Time,Clinical,0,2,1
9646919618.0,20161,12.0,"'BUAD-307', 'GSBA-528', 'MKT-385'",Full-Time,Clinical,0,1,2
7990118277.0,20161,16.5,'GSBA-550B',Full-Time,Clinical,0,2,1
7990118277.0,20171,16.5,'GSBA-550B',Full-Time,Clinical,0,2,1
3621646320.0,20162,16.5,"'BUAD-304', 'MOR-469', 'MOR-471', 'BUAD-104', 'BUAD-497', 'GSBA-519B', 'MOR-569', 'MOR-570', 'MOR-331'",Full-Time,Clinical,0,2,1
3621646320.0,20153,14.0,"'BUAD-304', 'MOR-469', 'MOR-471', 'BUAD-104', 'BUAD-497', 'GSBA-519B', 'MOR-569', 'MOR-570', 'MOR-331'",Full-Time,Clinical,0,1,2
3621646320.0,20172,12.5,"'BUAD-304', 'MOR-469', 'MOR-471', 'BUAD-104', 'BUAD-497', 'GSBA-519B', 'MOR-569', 'MOR-570', 'MOR-331'",Full-Time,Clinical,1,2,0
3621646320.0,20163,9.5,"'BUAD-304', 'MOR-469', 'MOR-471', 'BUAD-104', 'BUAD-497', 'GSBA-519B', 'MOR-569', 'MOR-570', 'MOR-331'",Full-Time,Clinical,0,1,2
3621646320.0,20161,8.0,"'BUAD-304', 'MOR-469', 'MOR-471', 'BUAD-104', 'BUAD-497', 'GSBA-519B', 'MOR-569', 'MOR-570', 'MOR-331'",Full-Time,Clinical,0,1,2
3621646320.0,20171,5.0,"'BUAD-304', 'MOR-469', 'MOR-471', 'BUAD-104', 'BUAD-497', 'GSBA-519B', 'MOR-569', 'MOR-570', 'MOR-331'",Full-Time,Clinical,1,2,0
1199754213.0,20153,16.0,"'BUAD-310', 'DSO-401', 'DSO-443'",Full-Time,Clinical,1,2,0
1199754213.0,20163,10.0,"'BUAD-310', 'DSO-401', 'DSO-443'",Full-Time,Clinical,1,0,2
1199754213.0,20161,8.0,"'BUAD-310', 'DSO-401', 'DSO-443'",Full-Time,Clinical,0,1,2
1199754213.0,20171,8.0,"'BUAD-310', 'DSO-401', 'DSO-443'",Full-Time,Clinical,1,2,0
7491812454.0,20163,16.0,"'ACCT-373', 'ACCT-463', 'ACCT-473', 'BUAD-104', 'ACCT-430'",Full-Time,Clinical,0,2,1
7491812454.0,20161,14.0,"'ACCT-373', 'ACCT-463', 'ACCT-473', 'BUAD-104', 'ACCT-430'",Full-Time,Clinical,2,0,1
7491812454.0,20171,14.0,"'ACCT-373', 'ACCT-463', 'ACCT-473', 'BUAD-104', 'ACCT-430'",Full-Time,Clinical,1,2,0
7491812454.0,20153,14.0,"'ACCT-373', 'ACCT-463', 'ACCT-473', 'BUAD-104', 'ACCT-430'",Full-Time,Clinical,0,1,2
6523584308.0,20171,15.5,"'GSBA-505', 'GSBA-509A', 'BUAD-307', 'GSBA-520', 'GSBA-538'",Full-Time,Clinical,1,0,2
6523584308.0,20161,14.0,"'GSBA-505', 'GSBA-509A', 'BUAD-307', 'GSBA-520', 'GSBA-538'",Full-Time,Clinical,0,2,1
6523584308.0,20153,13.5,"'GSBA-505', 'GSBA-509A', 'BUAD-307', 'GSBA-520', 'GSBA-538'",Full-Time,Clinical,2,0,1
6523584308.0,20163,4.0,"'GSBA-505', 'GSBA-509A', 'BUAD-307', 'GSBA-520', 'GSBA-538'",Full-Time,Clinical,0,2,1
6523584308.0,20162,1.5,"'GSBA-505', 'GSBA-509A', 'BUAD-307', 'GSBA-520', 'GSBA-538'",Full-Time,Clinical,2,0,1
6523584308.0,20172,1.5,"'GSBA-505', 'GSBA-509A', 'BUAD-307', 'GSBA-520', 'GSBA-538'",Full-Time,Clinical,1,2,0
3550295966.0,20172,15.5,"'DSO-462', 'DSO-510', 'GSBA-581'",Part-Time,Adjunct,2,0,1
3550295966.0,20162,15.5,"'DSO-462', 'DSO-510', 'GSBA-581'",Part-Time,Adjunct,2,0,1
3550295966.0,20161,10.0,"'DSO-462', 'DSO-510', 'GSBA-581'",Part-Time,Adjunct,0,1,2
3550295966.0,20163,8.5,"'DSO-462', 'DSO-510', 'GSBA-581'",Part-Time,Adjunct,1,2,0
3550295966.0,20153,8.5,"'DSO-462', 'DSO-510', 'GSBA-581'",Part-Time,Adjunct,0,1,2
3550295966.0,20171,6.5,"'DSO-462', 'DSO-510', 'GSBA-581'",Part-Time,Adjunct,0,1,2
9968252892.0,20161,15.5,"'ACCT-462', 'BUAD-285B', 'ACCT-472', 'ACCT-562', 'ACCT-372', 'BUAD-281'",Full-Time,Clinical,0,1,2
9968252892.0,20153,12.0,"'ACCT-462', 'BUAD-285B', 'ACCT-472', 'ACCT-562', 'ACCT-372', 'BUAD-281'",Full-Time,Clinical,1,0,2
9968252892.0,20163,8.0,"'ACCT-462', 'BUAD-285B', 'ACCT-472', 'ACCT-562', 'ACCT-372', 'BUAD-281'",Full-Time,Clinical,0,2,1
9968252892.0,20171,7.0,"'ACCT-462', 'BUAD-285B', 'ACCT-472', 'ACCT-562', 'ACCT-372', 'BUAD-281'",Full-Time,Clinical,2,0,1
9968252892.0,20172,2.0,"'ACCT-462', 'BUAD-285B', 'ACCT-472', 'ACCT-562', 'ACCT-372', 'BUAD-281'",Full-Time,Clinical,1,0,2
5556211303.0,20153,15.5,"'BUAD-252', 'BUAD-302', 'BUCO-599', 'GSBA-523T', 'GSBA-542', 'BUCO-445', 'BUCO-503'",Full-Time,Clinical,0,1,2
5556211303.0,20163,14.0,"'BUAD-252', 'BUAD-302', 'BUCO-599', 'GSBA-523T', 'GSBA-542', 'BUCO-445', 'BUCO-503'",Full-Time,Clinical,0,1,2
5556211303.0,20171,9.0,"'BUAD-252', 'BUAD-302', 'BUCO-599', 'GSBA-523T', 'GSBA-542', 'BUCO-445', 'BUCO-503'",Full-Time,Clinical,0,2,1
5556211303.0,20161,6.0,"'BUAD-252', 'BUAD-302', 'BUCO-599', 'GSBA-523T', 'GSBA-542', 'BUCO-445', 'BUCO-503'",Full-Time,Clinical,0,2,1
5556211303.0,20172,1.5,"'BUAD-252', 'BUAD-302', 'BUCO-599', 'GSBA-523T', 'GSBA-542', 'BUCO-445', 'BUCO-503'",Full-Time,Clinical,2,0,1
5556211303.0,20162,1.5,"'BUAD-252', 'BUAD-302', 'BUCO-599', 'GSBA-523T', 'GSBA-542', 'BUCO-445', 'BUCO-503'",Full-Time,Clinical,2,0,1
7236319096.0,20153,15.0,"'FBE-441', 'FBE-459', 'FBE-529', 'FBE-540', 'FBE-559', 'ECON-351', 'FBE-435'",Full-Time,Clinical,1,0,2
7236319096.0,20163,8.5,"'FBE-441', 'FBE-459', 'FBE-529', 'FBE-540', 'FBE-559', 'ECON-351', 'FBE-435'",Full-Time,Clinical,0,2,1
7236319096.0,20171,6.0,"'FBE-441', 'FBE-459', 'FBE-529', 'FBE-540', 'FBE-559', 'ECON-351', 'FBE-435'",Full-Time,Clinical,0,1,2
7791420388.0,20162,14.5,"'GSBA-534', 'BUAD-311'",Full-Time,Tenure Track,1,2,0
7791420388.0,20172,14.5,"'GSBA-534', 'BUAD-311'",Full-Time,Tenure Track,2,0,1
7791420388.0,20163,3.0,"'GSBA-534', 'BUAD-311'",Full-Time,Tenure Track,0,2,1
7791420388.0,20153,2.5,"'GSBA-534', 'BUAD-311'",Full-Time,Tenure Track,1,2,0
7791420388.0,20161,2.0,"'GSBA-534', 'BUAD-311'",Full-Time,Tenure Track,1,2,0
8324180301.0,20153,14.5,"'GSBA-501', 'GSBA-542', 'WRIT-340', 'BUCO-503', 'BUCO-599', 'GSBA-535'",Full-Time,Clinical,1,2,0
8324180301.0,20161,13.5,"'GSBA-501', 'GSBA-542', 'WRIT-340', 'BUCO-503', 'BUCO-599', 'GSBA-535'",Full-Time,Clinical,0,1,2
8324180301.0,20172,5.0,"'GSBA-501', 'GSBA-542', 'WRIT-340', 'BUCO-503', 'BUCO-599', 'GSBA-535'",Full-Time,Clinical,0,1,2
8324180301.0,20163,4.0,"'GSBA-501', 'GSBA-542', 'WRIT-340', 'BUCO-503', 'BUCO-599', 'GSBA-535'",Full-Time,Clinical,2,0,1
8324180301.0,20162,2.0,"'GSBA-501', 'GSBA-542', 'WRIT-340', 'BUCO-503', 'BUCO-599', 'GSBA-535'",Full-Time,Clinical,1,2,0
8324180301.0,20171,2.0,"'GSBA-501', 'GSBA-542', 'WRIT-340', 'BUCO-503', 'BUCO-599', 'GSBA-535'",Full-Time,Clinical,0,1,2
5632609573.0,20163,14.0,"'BUAD-497', 'MOR-462', 'MOR-557', 'MOR-559', 'MOR-463', 'MOR-473', 'MOR-554'",Full-Time,Clinical,0,2,1
5632609573.0,20153,14.0,"'BUAD-497', 'MOR-462', 'MOR-557', 'MOR-559', 'MOR-463', 'MOR-473', 'MOR-554'",Full-Time,Clinical,0,1,2
5632609573.0,20161,9.5,"'BUAD-497', 'MOR-462', 'MOR-557', 'MOR-559', 'MOR-463', 'MOR-473', 'MOR-554'",Full-Time,Clinical,2,0,1
5632609573.0,20171,7.5,"'BUAD-497', 'MOR-462', 'MOR-557', 'MOR-559', 'MOR-463', 'MOR-473', 'MOR-554'",Full-Time,Clinical,0,2,1
5632609573.0,20162,6.5,"'BUAD-497', 'MOR-462', 'MOR-557', 'MOR-559', 'MOR-463', 'MOR-473', 'MOR-554'",Full-Time,Clinical,2,0,1
5632609573.0,20172,4.0,"'BUAD-497', 'MOR-462', 'MOR-557', 'MOR-559', 'MOR-463', 'MOR-473', 'MOR-554'",Full-Time,Clinical,2,0,1
7620734915.0,20161,14.0,"'MKT-533', 'MKT-560', 'MKT-599', 'FIM-481', 'GSBA-528', 'MKT-530', 'MKT-525'",Full-Time,Clinical,0,1,2
7620734915.0,20162,10.5,"'MKT-533', 'MKT-560', 'MKT-599', 'FIM-481', 'GSBA-528', 'MKT-530', 'MKT-525'",Full-Time,Clinical,0,1,2
7620734915.0,20172,10.5,"'MKT-533', 'MKT-560', 'MKT-599', 'FIM-481', 'GSBA-528', 'MKT-530', 'MKT-525'",Full-Time,Clinical,2,0,1
7620734915.0,20171,9.5,"'MKT-533', 'MKT-560', 'MKT-599', 'FIM-481', 'GSBA-528', 'MKT-530', 'MKT-525'",Full-Time,Clinical,0,1,2
7620734915.0,20163,9.0,"'MKT-533', 'MKT-560', 'MKT-599', 'FIM-481', 'GSBA-528', 'MKT-530', 'MKT-525'",Full-Time,Clinical,1,2,0
7620734915.0,20153,6.0,"'MKT-533', 'MKT-560', 'MKT-599', 'FIM-481', 'GSBA-528', 'MKT-530', 'MKT-525'",Full-Time,Clinical,0,2,1
7682197116.0,20161,14.0,"'ACCT-547', 'ACCT-549', 'BUAD-105', 'BUAD-286B', 'ACCT-370', 'BUAD-285B', 'GSBA-584A', 'GSBA-510', 'GSBA-584B', 'BUAD-280'",Full-Time,Clinical,1,0,2
7682197116.0,20153,11.0,"'ACCT-547', 'ACCT-549', 'BUAD-105', 'BUAD-286B', 'ACCT-370', 'BUAD-285B', 'GSBA-584A', 'GSBA-510', 'GSBA-584B', 'BUAD-280'",Full-Time,Clinical,0,2,1
7682197116.0,20172,6.5,"'ACCT-547', 'ACCT-549', 'BUAD-105', 'BUAD-286B', 'ACCT-370', 'BUAD-285B', 'GSBA-584A', 'GSBA-510', 'GSBA-584B', 'BUAD-280'",Full-Time,Clinical,2,0,1
7682197116.0,20162,6.0,"'ACCT-547', 'ACCT-549', 'BUAD-105', 'BUAD-286B', 'ACCT-370', 'BUAD-285B', 'GSBA-584A', 'GSBA-510', 'GSBA-584B', 'BUAD-280'",Full-Time,Clinical,0,1,2
7682197116.0,20171,3.0,"'ACCT-547', 'ACCT-549', 'BUAD-105', 'BUAD-286B', 'ACCT-370', 'BUAD-285B', 'GSBA-584A', 'GSBA-510', 'GSBA-584B', 'BUAD-280'",Full-Time,Clinical,0,2,1
7682197116.0,20163,3.0,"'ACCT-547', 'ACCT-549', 'BUAD-105', 'BUAD-286B', 'ACCT-370', 'BUAD-285B', 'GSBA-584A', 'GSBA-510', 'GSBA-584B', 'BUAD-280'",Full-Time,Clinical,0,1,2
5736473075.0,20161,14.0,"'BUAD-285A', 'BUAD-286B', 'ACCT-372', 'BUAD-285B', 'BUAD-281'",Full-Time,Clinical,0,1,2
5736473075.0,20163,12.0,"'BUAD-285A', 'BUAD-286B', 'ACCT-372', 'BUAD-285B', 'BUAD-281'",Full-Time,Clinical,1,0,2
5736473075.0,20171,7.5,"'BUAD-285A', 'BUAD-286B', 'ACCT-372', 'BUAD-285B', 'BUAD-281'",Full-Time,Clinical,2,0,1
5736473075.0,20162,5.0,"'BUAD-285A', 'BUAD-286B', 'ACCT-372', 'BUAD-285B', 'BUAD-281'",Full-Time,Clinical,0,2,1
5736473075.0,20153,4.0,"'BUAD-285A', 'BUAD-286B', 'ACCT-372', 'BUAD-285B', 'BUAD-281'",Full-Time,Clinical,2,0,1
3439925032.0,20172,14.0,"'BUCO-633', 'WRIT-340', 'ACCT-430', 'BUCO-634', 'BUCO-637'",Full-Time,Clinical,1,0,2
3439925032.0,20171,8.0,"'BUCO-633', 'WRIT-340', 'ACCT-430', 'BUCO-634', 'BUCO-637'",Full-Time,Clinical,1,0,2
3439925032.0,20162,7.5,"'BUCO-633', 'WRIT-340', 'ACCT-430', 'BUCO-634', 'BUCO-637'",Full-Time,Clinical,2,0,1
3439925032.0,20163,6.0,"'BUCO-633', 'WRIT-340', 'ACCT-430', 'BUCO-634', 'BUCO-637'",Full-Time,Clinical,1,2,0
3439925032.0,20153,6.0,"'BUCO-633', 'WRIT-340', 'ACCT-430', 'BUCO-634', 'BUCO-637'",Full-Time,Clinical,2,0,1
3439925032.0,20161,5.5,"'BUCO-633', 'WRIT-340', 'ACCT-430', 'BUCO-634', 'BUCO-637'",Full-Time,Clinical,0,2,1
8416410068.0,20153,14.0,"'BUAD-307', 'MKT-450'",Full-Time,Clinical,1,2,0
8416410068.0,20163,12.0,"'BUAD-307', 'MKT-450'",Full-Time,Clinical,0,2,1
8416410068.0,20171,12.0,"'BUAD-307', 'MKT-450'",Full-Time,Clinical,2,0,1
8416410068.0,20161,12.0,"'BUAD-307', 'MKT-450'",Full-Time,Clinical,2,1,0
9186771563.0,20161,14.0,"'BUAD-311', 'BUAD-425', 'BUAD-311T'",Part-Time,Adjunct,0,1,2
9186771563.0,20163,12.0,"'BUAD-311', 'BUAD-425', 'BUAD-311T'",Part-Time,Adjunct,1,2,0
9186771563.0,20153,10.0,"'BUAD-311', 'BUAD-425', 'BUAD-311T'",Part-Time,Adjunct,0,2,1
9186771563.0,20171,8.0,"'BUAD-311', 'BUAD-425', 'BUAD-311T'",Part-Time,Adjunct,0,1,2
2819438083.0,20163,14.0,"'BUAD-425', 'DSO-522', 'GSBA-516', 'GSBA-524', 'DSO-424', 'DSO-530'",Full-Time,Clinical,0,1,2
2819438083.0,20153,13.0,"'BUAD-425', 'DSO-522', 'GSBA-516', 'GSBA-524', 'DSO-424', 'DSO-530'",Full-Time,Clinical,0,1,2
2819438083.0,20161,8.0,"'BUAD-425', 'DSO-522', 'GSBA-516', 'GSBA-524', 'DSO-424', 'DSO-530'",Full-Time,Clinical,1,0,2
9290829882.0,20163,13.5,"'MKT-536', 'GSBA-562', 'MKT-613'",Full-Time,Tenure Track,2,0,1
9290829882.0,20153,3.0,"'MKT-536', 'GSBA-562', 'MKT-613'",Full-Time,Tenure Track,1,2,0
3783353564.0,20153,13.0,"'ACCT-370', 'BUAD-285B', 'GSBA-520', 'ACCT-415'",Full-Time,Clinical,0,2,1
3783353564.0,20161,11.0,"'ACCT-370', 'BUAD-285B', 'GSBA-520', 'ACCT-415'",Full-Time,Clinical,2,0,1
3783353564.0,20163,9.0,"'ACCT-370', 'BUAD-285B', 'GSBA-520', 'ACCT-415'",Full-Time,Clinical,2,0,1
3783353564.0,20171,9.0,"'ACCT-370', 'BUAD-285B', 'GSBA-520', 'ACCT-415'",Full-Time,Clinical,1,2,0
2691677430.0,20153,12.0,"'BAEP-451', 'BAEP-549', 'BAEP-454', 'BAEP-554', 'BUAD-104'",Full-Time,Clinical,0,2,1
2691677430.0,20163,11.0,"'BAEP-451', 'BAEP-549', 'BAEP-454', 'BAEP-554', 'BUAD-104'",Full-Time,Clinical,2,0,1
2691677430.0,20161,7.0,"'BAEP-451', 'BAEP-549', 'BAEP-454', 'BAEP-554', 'BUAD-104'",Full-Time,Clinical,2,0,1
2691677430.0,20171,6.5,"'BAEP-451', 'BAEP-549', 'BAEP-454', 'BAEP-554', 'BUAD-104'",Full-Time,Clinical,0,1,2
6250098989.0,20163,12.0,'GSBA-510',Full-Time,Tenure Track,1,0,2
6250098989.0,20153,12.0,'GSBA-510',Full-Time,Tenure Track,1,0,2
6250098989.0,20172,5.0,'GSBA-510',Full-Time,Tenure Track,0,2,1
1037007977.0,20153,12.0,"'BUAD-307', 'MKT-430', 'MKT-410'",Part-Time,Adjunct,2,1,0
1037007977.0,20163,6.0,"'BUAD-307', 'MKT-430', 'MKT-410'",Part-Time,Adjunct,2,0,1
1037007977.0,20171,6.0,"'BUAD-307', 'MKT-430', 'MKT-410'",Part-Time,Adjunct,1,2,0
1037007977.0,20161,2.0,"'BUAD-307', 'MKT-430', 'MKT-410'",Part-Time,Adjunct,1,2,0
5187212435.0,20161,12.0,"'MKT-580', 'MKT-560'",Full-Time,Tenure Track,2,0,1
5187212435.0,20171,12.0,"'MKT-580', 'MKT-560'",Full-Time,Tenure Track,0,2,1
9504248252.0,20163,12.0,"'BUAD-307', 'GSBA-528', 'GSBA-580C'",Full-Time,Clinical,0,2,1
9504248252.0,20153,12.0,"'BUAD-307', 'GSBA-528', 'GSBA-580C'",Full-Time,Clinical,1,0,2
9504248252.0,20161,5.5,"'BUAD-307', 'GSBA-528', 'GSBA-580C'",Full-Time,Clinical,1,2,0
9504248252.0,20171,4.0,"'BUAD-307', 'GSBA-528', 'GSBA-580C'",Full-Time,Clinical,0,1,2
9390490825.0,20163,12.0,"'BUAD-425', 'BUAD-310', 'DSO-424'",Full-Time,Clinical,2,0,1
9390490825.0,20171,7.0,"'BUAD-425', 'BUAD-310', 'DSO-424'",Full-Time,Clinical,2,1,0
9390490825.0,20172,2.5,"'BUAD-425', 'BUAD-310', 'DSO-424'",Full-Time,Clinical,0,1,2
4838736923.0,20163,12.0,'BUAD-304',Full-Time,Tenure Track,2,0,1
8420729989.0,20171,12.0,'BUAD-425',Full-Time,Tenure Track,0,2,1
8420729989.0,20153,8.0,'BUAD-425',Full-Time,Tenure Track,0,2,1
7846273757.0,20161,12.0,"'ACCT-377', 'ACCT-415', 'ACCT-528'",Full-Time,Tenure Track,0,1,2
7846273757.0,20163,11.5,"'ACCT-377', 'ACCT-415', 'ACCT-528'",Full-Time,Tenure Track,0,2,1
7846273757.0,20153,11.0,"'ACCT-377', 'ACCT-415', 'ACCT-528'",Full-Time,Tenure Track,0,1,2
7846273757.0,20171,8.5,"'ACCT-377', 'ACCT-415', 'ACCT-528'",Full-Time,Tenure Track,1,0,2
8246895970.0,20163,12.0,'BUAD-304',Full-Time,Tenure Track,2,1,0
2893584611.0,20161,12.0,"'FBE-437', 'FBE-527', 'GSBA-548', 'BUAD-200', 'BUAD-306', 'FBE-532'",Full-Time,Clinical,2,0,1
2893584611.0,20171,11.5,"'FBE-437', 'FBE-527', 'GSBA-548', 'BUAD-200', 'BUAD-306', 'FBE-532'",Full-Time,Clinical,0,2,1
2893584611.0,20153,9.5,"'FBE-437', 'FBE-527', 'GSBA-548', 'BUAD-200', 'BUAD-306', 'FBE-532'",Full-Time,Clinical,0,2,1
2893584611.0,20163,9.5,"'FBE-437', 'FBE-527', 'GSBA-548', 'BUAD-200', 'BUAD-306', 'FBE-532'",Full-Time,Clinical,1,2,0
2893584611.0,20162,4.0,"'FBE-437', 'FBE-527', 'GSBA-548', 'BUAD-200', 'BUAD-306', 'FBE-532'",Full-Time,Clinical,1,2,0
2893584611.0,20172,4.0,"'FBE-437', 'FBE-527', 'GSBA-548', 'BUAD-200', 'BUAD-306', 'FBE-532'",Full-Time,Clinical,0,2,1
8098676159.0,20161,12.0,"'BUAD-311', 'BUAD-425'",Part-Time,Adjunct,1,0,2
8098676159.0,20153,10.0,"'BUAD-311', 'BUAD-425'",Part-Time,Adjunct,0,2,1
8098676159.0,20163,10.0,"'BUAD-311', 'BUAD-425'",Part-Time,Adjunct,0,2,1
8098676159.0,20171,10.0,"'BUAD-311', 'BUAD-425'",Part-Time,Adjunct,1,2,0
1678848116.0,20161,12.0,'BUAD-307',Full-Time,Tenure Track,1,2,0
1678848116.0,20171,8.0,'BUAD-307',Full-Time,Tenure Track,2,0,1
7876020314.0,20171,11.5,"'ACCT-474', 'ACCT-568T', 'ACCT-526', 'ACCT-582', 'BUAD-100', 'GSBA-580C'",Full-Time,Tenure Track,1,2,0
7876020314.0,20161,11.5,"'ACCT-474', 'ACCT-568T', 'ACCT-526', 'ACCT-582', 'BUAD-100', 'GSBA-580C'",Full-Time,Tenure Track,2,1,0
7876020314.0,20163,7.0,"'ACCT-474', 'ACCT-568T', 'ACCT-526', 'ACCT-582', 'BUAD-100', 'GSBA-580C'",Full-Time,Tenure Track,0,2,1
7876020314.0,20153,5.5,"'ACCT-474', 'ACCT-568T', 'ACCT-526', 'ACCT-582', 'BUAD-100', 'GSBA-580C'",Full-Time,Tenure Track,2,1,0
6781361705.0,20172,11.5,"'FBE-543', 'ECON-352', 'FBE-506', 'FBE-462', 'GSBA-511'",Full-Time,Clinical,1,2,0
6781361705.0,20162,9.5,"'FBE-543', 'ECON-352', 'FBE-506', 'FBE-462', 'GSBA-511'",Full-Time,Clinical,1,2,0
6781361705.0,20163,6.0,"'FBE-543', 'ECON-352', 'FBE-506', 'FBE-462', 'GSBA-511'",Full-Time,Clinical,0,2,1
6781361705.0,20161,4.0,"'FBE-543', 'ECON-352', 'FBE-506', 'FBE-462', 'GSBA-511'",Full-Time,Clinical,0,2,1
6781361705.0,20171,4.0,"'FBE-543', 'ECON-352', 'FBE-506', 'FBE-462', 'GSBA-511'",Full-Time,Clinical,0,2,1
6781361705.0,20153,1.5,"'FBE-543', 'ECON-352', 'FBE-506', 'FBE-462', 'GSBA-511'",Full-Time,Clinical,1,2,0
2804846645.0,20163,11.5,"'BUAD-497', 'GSBA-571'",Part-Time,Adjunct,2,1,0
2804846645.0,20171,3.5,"'BUAD-497', 'GSBA-571'",Part-Time,Adjunct,0,2,1
2804846645.0,20161,3.5,"'BUAD-497', 'GSBA-571'",Part-Time,Adjunct,0,2,1
9185995079.0,20163,11.0,"'ACCT-374', 'ACCT-570T'",Full-Time,Tenure Track,0,1,2
9185995079.0,20153,6.0,"'ACCT-374', 'ACCT-570T'",Full-Time,Tenure Track,2,0,1
9185995079.0,20161,5.0,"'ACCT-374', 'ACCT-570T'",Full-Time,Tenure Track,0,1,2
9185995079.0,20171,2.0,"'ACCT-374', 'ACCT-570T'",Full-Time,Tenure Track,0,2,1
8552622973.0,20163,11.0,"'GSBA-521A', 'FBE-421', 'GSBA-511', 'GSBA-548', 'BUAD-306', 'FBE-453A', 'FBE-553A', 'FBE-529', 'GSBA-580C'",Full-Time,Clinical,0,2,1
8552622973.0,20172,10.0,"'GSBA-521A', 'FBE-421', 'GSBA-511', 'GSBA-548', 'BUAD-306', 'FBE-453A', 'FBE-553A', 'FBE-529', 'GSBA-580C'",Full-Time,Clinical,0,1,2
8552622973.0,20162,5.0,"'GSBA-521A', 'FBE-421', 'GSBA-511', 'GSBA-548', 'BUAD-306', 'FBE-453A', 'FBE-553A', 'FBE-529', 'GSBA-580C'",Full-Time,Clinical,0,1,2
8552622973.0,20171,4.5,"'GSBA-521A', 'FBE-421', 'GSBA-511', 'GSBA-548', 'BUAD-306', 'FBE-453A', 'FBE-553A', 'FBE-529', 'GSBA-580C'",Full-Time,Clinical,2,0,1
8552622973.0,20153,4.5,"'GSBA-521A', 'FBE-421', 'GSBA-511', 'GSBA-548', 'BUAD-306', 'FBE-453A', 'FBE-553A', 'FBE-529', 'GSBA-580C'",Full-Time,Clinical,0,1,2
8552622973.0,20161,2.0,"'GSBA-521A', 'FBE-421', 'GSBA-511', 'GSBA-548', 'BUAD-306', 'FBE-453A', 'FBE-553A', 'FBE-529', 'GSBA-580C'",Full-Time,Clinical,0,2,1
7928436182.0,20163,11.0,"'BAEP-591', 'BAEP-491'",Full-Time,Tenure Track,0,1,2
7928436182.0,20172,9.0,"'BAEP-591', 'BAEP-491'",Full-Time,Tenure Track,0,2,1
7928436182.0,20153,9.0,"'BAEP-591', 'BAEP-491'",Full-Time,Tenure Track,1,2,0
7928436182.0,20161,3.0,"'BAEP-591', 'BAEP-491'",Full-Time,Tenure Track,1,2,0
4801515253.0,20163,10.5,"'BUAD-286A', 'GSBA-510', 'BUAD-285B'",Emeritus,Tenure Track,0,2,1
4801515253.0,20153,6.5,"'BUAD-286A', 'GSBA-510', 'BUAD-285B'",Emeritus,Tenure Track,0,1,2
4680408319.0,20163,10.0,"'BUAD-306', 'ECON-351', 'BUAD-200'",Full-Time,Clinical,0,1,2
4680408319.0,20171,4.0,"'BUAD-306', 'ECON-351', 'BUAD-200'",Full-Time,Clinical,1,0,2
4680408319.0,20161,4.0,"'BUAD-306', 'ECON-351', 'BUAD-200'",Full-Time,Clinical,1,2,0
4680408319.0,20153,2.0,"'BUAD-306', 'ECON-351', 'BUAD-200'",Full-Time,Clinical,1,0,2
4984860540.0,20153,10.0,"'BUAD-215', 'BUAD-306', 'ECON-351'",Full-Time,Clinical,0,1,2
4984860540.0,20163,8.0,"'BUAD-215', 'BUAD-306', 'ECON-351'",Full-Time,Clinical,0,2,1
4984860540.0,20161,6.0,"'BUAD-215', 'BUAD-306', 'ECON-351'",Full-Time,Clinical,0,1,2
4984860540.0,20171,4.0,"'BUAD-215', 'BUAD-306', 'ECON-351'",Full-Time,Clinical,1,2,0
4984860540.0,20162,2.5,"'BUAD-215', 'BUAD-306', 'ECON-351'",Full-Time,Clinical,0,1,2
4984860540.0,20172,2.5,"'BUAD-215', 'BUAD-306', 'ECON-351'",Full-Time,Clinical,0,1,2
4855787725.0,20161,10.0,'BUAD-306',Full-Time,Tenure Track,1,2,0
4855787725.0,20171,10.0,'BUAD-306',Full-Time,Tenure Track,2,1,0
7516543468.0,20163,10.0,"'ACCT-611', 'ACCT-621', 'GSBA-510', 'ACCT-581'",Full-Time,Tenure Track,1,0,2
7516543468.0,20153,7.0,"'ACCT-611', 'ACCT-621', 'GSBA-510', 'ACCT-581'",Full-Time,Tenure Track,0,1,2
7516543468.0,20161,1.5,"'ACCT-611', 'ACCT-621', 'GSBA-510', 'ACCT-581'",Full-Time,Tenure Track,0,2,1
8425162280.0,20171,10.0,'BUAD-310',Full-Time,Tenure Track,0,2,1
8425162280.0,20161,7.0,'BUAD-310',Full-Time,Tenure Track,1,2,0
8425162280.0,20163,5.0,'BUAD-310',Full-Time,Tenure Track,0,2,1
2447845087.0,20171,10.0,'ACCT-371',Full-Time,Clinical,1,2,0
2447845087.0,20161,8.0,'ACCT-371',Full-Time,Clinical,1,0,2
2447845087.0,20153,6.0,'ACCT-371',Full-Time,Clinical,0,1,2
2447845087.0,20163,6.0,'ACCT-371',Full-Time,Clinical,0,2,1
8813328976.0,20162,10.0,'ACCT-525',Full-Time,Clinical,1,2,0
8813328976.0,20172,10.0,'ACCT-525',Full-Time,Clinical,1,0,2
2331367417.0,20163,10.0,'ECON-351',Full-Time,Tenure Track,1,2,0
7910304105.0,20153,10.0,"'ACCT-470', 'BUAD-286B', 'ACCT-410'",Full-Time,Clinical,0,2,1
7910304105.0,20163,8.0,"'ACCT-470', 'BUAD-286B', 'ACCT-410'",Full-Time,Clinical,2,0,1
7910304105.0,20171,8.0,"'ACCT-470', 'BUAD-286B', 'ACCT-410'",Full-Time,Clinical,1,0,2
7910304105.0,20161,6.0,"'ACCT-470', 'BUAD-286B', 'ACCT-410'",Full-Time,Clinical,0,2,1
8196227247.0,20163,10.0,"'GSBA-523', 'WRIT-340', 'BUAD-104', 'GSBA-584A'",Full-Time,Clinical,2,1,0
8196227247.0,20153,10.0,"'GSBA-523', 'WRIT-340', 'BUAD-104', 'GSBA-584A'",Full-Time,Clinical,0,1,2
8196227247.0,20161,5.0,"'GSBA-523', 'WRIT-340', 'BUAD-104', 'GSBA-584A'",Full-Time,Clinical,1,2,0
8196227247.0,20171,5.0,"'GSBA-523', 'WRIT-340', 'BUAD-104', 'GSBA-584A'",Full-Time,Clinical,0,2,1
7916490198.0,20163,9.5,"'BUAD-310', 'GSBA-516'",Full-Time,Clinical,0,2,1
7916490198.0,20161,9.0,"'BUAD-310', 'GSBA-516'",Full-Time,Clinical,0,1,2
7916490198.0,20153,7.0,"'BUAD-310', 'GSBA-516'",Full-Time,Clinical,0,1,2
7916490198.0,20171,5.0,"'BUAD-310', 'GSBA-516'",Full-Time,Clinical,1,0,2
6706088465.0,20161,9.5,"'BUAD-285A', 'BUAD-305', 'BUAD-104', 'FIM-480', 'GSBA-580C', 'ACCT-410', 'BUAD-280'",Full-Time,Clinical,0,2,1
6706088465.0,20171,8.5,"'BUAD-285A', 'BUAD-305', 'BUAD-104', 'FIM-480', 'GSBA-580C', 'ACCT-410', 'BUAD-280'",Full-Time,Clinical,0,2,1
6706088465.0,20153,8.0,"'BUAD-285A', 'BUAD-305', 'BUAD-104', 'FIM-480', 'GSBA-580C', 'ACCT-410', 'BUAD-280'",Full-Time,Clinical,2,0,1
6706088465.0,20163,6.0,"'BUAD-285A', 'BUAD-305', 'BUAD-104', 'FIM-480', 'GSBA-580C', 'ACCT-410', 'BUAD-280'",Full-Time,Clinical,1,2,0
2905663915.0,20153,9.5,"'MOR-472', 'MOR-567', 'MOR-601'",Full-Time,Tenure Track,0,1,2
2905663915.0,20163,6.0,"'MOR-472', 'MOR-567', 'MOR-601'",Full-Time,Tenure Track,1,2,0
4969782488.0,20153,9.5,"'DSO-455', 'DSO-580', 'GSBA-534', 'DSO-483', 'DSO-583'",Full-Time,Clinical,1,2,0
4969782488.0,20163,9.5,"'DSO-455', 'DSO-580', 'GSBA-534', 'DSO-483', 'DSO-583'",Full-Time,Clinical,1,0,2
4969782488.0,20161,8.0,"'DSO-455', 'DSO-580', 'GSBA-534', 'DSO-483', 'DSO-583'",Full-Time,Clinical,0,2,1
4969782488.0,20171,8.0,"'DSO-455', 'DSO-580', 'GSBA-534', 'DSO-483', 'DSO-583'",Full-Time,Clinical,0,1,2
4969782488.0,20162,2.0,"'DSO-455', 'DSO-580', 'GSBA-534', 'DSO-483', 'DSO-583'",Full-Time,Clinical,0,1,2
4969782488.0,20172,2.0,"'DSO-455', 'DSO-580', 'GSBA-534', 'DSO-483', 'DSO-583'",Full-Time,Clinical,0,2,1
2249122338.0,20161,9.5,"'BUAD-425', 'DSO-530', 'DSO-545', 'DSO-522'",Full-Time,Clinical,0,1,2
2249122338.0,20171,6.0,"'BUAD-425', 'DSO-530', 'DSO-545', 'DSO-522'",Full-Time,Clinical,1,2,0
2249122338.0,20153,5.5,"'BUAD-425', 'DSO-530', 'DSO-545', 'DSO-522'",Full-Time,Clinical,1,0,2
2249122338.0,20163,3.0,"'BUAD-425', 'DSO-530', 'DSO-545', 'DSO-522'",Full-Time,Clinical,0,1,2
7654162130.0,20163,9.5,"'MKT-621', 'BUAD-307', 'MKT-402', 'MKT-512', 'MKT-620'",Full-Time,Tenure Track,1,0,2
7654162130.0,20161,4.0,"'MKT-621', 'BUAD-307', 'MKT-402', 'MKT-512', 'MKT-620'",Full-Time,Tenure Track,0,2,1
7654162130.0,20153,3.0,"'MKT-621', 'BUAD-307', 'MKT-402', 'MKT-512', 'MKT-620'",Full-Time,Tenure Track,2,0,1
7334829663.0,20153,9.0,"'ACCT-550T', 'ACCT-551T', 'ACCT-569T'",Full-Time,Clinical,0,2,1
7334829663.0,20163,9.0,"'ACCT-550T', 'ACCT-551T', 'ACCT-569T'",Full-Time,Clinical,1,2,0
7334829663.0,20161,7.5,"'ACCT-550T', 'ACCT-551T', 'ACCT-569T'",Full-Time,Clinical,1,0,2
7334829663.0,20171,2.5,"'ACCT-550T', 'ACCT-551T', 'ACCT-569T'",Full-Time,Clinical,0,2,1
7334829663.0,20172,1.0,"'ACCT-550T', 'ACCT-551T', 'ACCT-569T'",Full-Time,Clinical,1,0,2
3061027059.0,20161,9.0,"'ACCT-559', 'ACCT-581'",Full-Time,Tenure Track,0,2,1
3061027059.0,20171,9.0,"'ACCT-559', 'ACCT-581'",Full-Time,Tenure Track,1,0,2
3061027059.0,20153,7.5,"'ACCT-559', 'ACCT-581'",Full-Time,Tenure Track,0,2,1
3061027059.0,20163,6.0,"'ACCT-559', 'ACCT-581'",Full-Time,Tenure Track,0,2,1
9778662802.0,20161,9.0,"'DSO-516', 'DSO-534', 'DSO-536', 'DSO-677'",Full-Time,Tenure Track,2,0,1
9778662802.0,20171,4.5,"'DSO-516', 'DSO-534', 'DSO-536', 'DSO-677'",Full-Time,Tenure Track,0,2,1
6388728244.0,20171,9.0,"'ACCT-560T', 'ACCT-584'",Full-Time,Tenure Track,0,2,1
6388728244.0,20153,6.0,"'ACCT-560T', 'ACCT-584'",Full-Time,Tenure Track,2,1,0
6388728244.0,20161,5.0,"'ACCT-560T', 'ACCT-584'",Full-Time,Tenure Track,1,0,2
6388728244.0,20163,3.0,"'ACCT-560T', 'ACCT-584'",Full-Time,Tenure Track,0,1,2
1079550223.0,20161,9.0,"'BUAD-315', 'GSBA-504A', 'BUAD-311', 'GSBA-504B', 'GSBA-580C'",Full-Time,Clinical,0,1,2
1079550223.0,20171,9.0,"'BUAD-315', 'GSBA-504A', 'BUAD-311', 'GSBA-504B', 'GSBA-580C'",Full-Time,Clinical,2,0,1
1079550223.0,20153,6.5,"'BUAD-315', 'GSBA-504A', 'BUAD-311', 'GSBA-504B', 'GSBA-580C'",Full-Time,Clinical,1,2,0
1079550223.0,20163,6.5,"'BUAD-315', 'GSBA-504A', 'BUAD-311', 'GSBA-504B', 'GSBA-580C'",Full-Time,Clinical,0,2,1
3263236429.0,20161,9.0,"'MKT-556', 'MOR-598'",Full-Time,Tenure Track,2,0,1
3263236429.0,20171,7.5,"'MKT-556', 'MOR-598'",Full-Time,Tenure Track,1,0,2
2115219010.0,20153,9.0,"'BAEP-480', 'BAEP-552', 'BUAD-201', 'BAEP-450', 'BAEP-451'",Full-Time,Clinical,0,2,1
2115219010.0,20163,8.5,"'BAEP-480', 'BAEP-552', 'BUAD-201', 'BAEP-450', 'BAEP-451'",Full-Time,Clinical,1,2,0
2115219010.0,20161,6.0,"'BAEP-480', 'BAEP-552', 'BUAD-201', 'BAEP-450', 'BAEP-451'",Full-Time,Clinical,0,2,1
2115219010.0,20171,6.0,"'BAEP-480', 'BAEP-552', 'BUAD-201', 'BAEP-450', 'BAEP-451'",Full-Time,Clinical,1,0,2
2020359532.0,20153,9.0,"'BAEP-550', 'BAEP-552', 'BAEP-553'",Full-Time,Clinical,1,2,0
2020359532.0,20163,6.0,"'BAEP-550', 'BAEP-552', 'BAEP-553'",Full-Time,Clinical,2,0,1
2020359532.0,20162,5.5,"'BAEP-550', 'BAEP-552', 'BAEP-553'",Full-Time,Clinical,2,0,1
2020359532.0,20172,1.5,"'BAEP-550', 'BAEP-552', 'BAEP-553'",Full-Time,Clinical,0,2,1
9469976404.0,20171,8.5,"'FBE-470', 'FBE-489', 'FBE-570', 'FBE-591', 'FBE-466', 'FBE-565', 'FBE-400'",Full-Time,Clinical,2,1,0
9469976404.0,20163,7.5,"'FBE-470', 'FBE-489', 'FBE-570', 'FBE-591', 'FBE-466', 'FBE-565', 'FBE-400'",Full-Time,Clinical,2,1,0
9469976404.0,20153,7.0,"'FBE-470', 'FBE-489', 'FBE-570', 'FBE-591', 'FBE-466', 'FBE-565', 'FBE-400'",Full-Time,Clinical,1,2,0
9469976404.0,20161,5.5,"'FBE-470', 'FBE-489', 'FBE-570', 'FBE-591', 'FBE-466', 'FBE-565', 'FBE-400'",Full-Time,Clinical,0,2,1
9994127151.0,20161,8.0,"'BUAD-302', 'FIM-420'",Full-Time,Clinical,1,0,2
9994127151.0,20171,8.0,"'BUAD-302', 'FIM-420'",Full-Time,Clinical,1,0,2
9994127151.0,20163,6.0,"'BUAD-302', 'FIM-420'",Full-Time,Clinical,2,0,1
9994127151.0,20153,6.0,"'BUAD-302', 'FIM-420'",Full-Time,Clinical,0,2,1
6429245460.0,20163,8.0,"'DSO-427', 'DSO-547'",Part-Time,Adjunct,0,1,2
6429245460.0,20153,8.0,"'DSO-427', 'DSO-547'",Part-Time,Adjunct,1,2,0
6429245460.0,20161,4.5,"'DSO-427', 'DSO-547'",Part-Time,Adjunct,2,0,1
6429245460.0,20171,4.5,"'DSO-427', 'DSO-547'",Part-Time,Adjunct,2,0,1
7244913771.0,20161,8.0,"'BUAD-302', 'BUAD-302T', 'WRIT-340'",Part-Time,Clinical,0,1,2
7244913771.0,20163,8.0,"'BUAD-302', 'BUAD-302T', 'WRIT-340'",Part-Time,Clinical,0,1,2
7244913771.0,20171,8.0,"'BUAD-302', 'BUAD-302T', 'WRIT-340'",Part-Time,Clinical,0,1,2
7244913771.0,20153,6.0,"'BUAD-302', 'BUAD-302T', 'WRIT-340'",Part-Time,Clinical,0,2,1
7244913771.0,20172,5.0,"'BUAD-302', 'BUAD-302T', 'WRIT-340'",Part-Time,Clinical,0,2,1
3704619007.0,20153,8.0,"'BUAD-285A', 'BUAD-286B', 'BUAD-280', 'ACCT-370', 'ACCT-416'",Full-Time,Clinical,2,0,1
3704619007.0,20171,8.0,"'BUAD-285A', 'BUAD-286B', 'BUAD-280', 'ACCT-370', 'ACCT-416'",Full-Time,Clinical,1,0,2
3704619007.0,20161,6.0,"'BUAD-285A', 'BUAD-286B', 'BUAD-280', 'ACCT-370', 'ACCT-416'",Full-Time,Clinical,2,0,1
3704619007.0,20163,4.5,"'BUAD-285A', 'BUAD-286B', 'BUAD-280', 'ACCT-370', 'ACCT-416'",Full-Time,Clinical,2,0,1
5811107956.0,20171,8.0,"'FBE-421', 'BUAD-104', 'BUAD-306'",Full-Time,Clinical,0,2,1
5811107956.0,20161,6.0,"'FBE-421', 'BUAD-104', 'BUAD-306'",Full-Time,Clinical,1,0,2
5811107956.0,20153,4.0,"'FBE-421', 'BUAD-104', 'BUAD-306'",Full-Time,Clinical,1,0,2
5811107956.0,20163,2.0,"'FBE-421', 'BUAD-104', 'BUAD-306'",Full-Time,Clinical,2,0,1
9394816665.0,20171,8.0,"'BUAD-302', 'GSBA-523T', 'WRIT-340', 'BUCO-504T'",Part-Time,Clinical,2,0,1
9394816665.0,20172,6.5,"'BUAD-302', 'GSBA-523T', 'WRIT-340', 'BUCO-504T'",Part-Time,Clinical,0,2,1
9394816665.0,20161,5.5,"'BUAD-302', 'GSBA-523T', 'WRIT-340', 'BUCO-504T'",Part-Time,Clinical,0,1,2
9394816665.0,20153,5.0,"'BUAD-302', 'GSBA-523T', 'WRIT-340', 'BUCO-504T'",Part-Time,Clinical,2,0,1
9394816665.0,20163,4.5,"'BUAD-302', 'GSBA-523T', 'WRIT-340', 'BUCO-504T'",Part-Time,Clinical,1,2,0
9394816665.0,20162,4.0,"'BUAD-302', 'GSBA-523T', 'WRIT-340', 'BUCO-504T'",Part-Time,Clinical,0,2,1
4141823175.0,20153,8.0,"'BUAD-302', 'GSBA-542', 'BUCO-503', 'WRIT-340', 'BUCO-425'",Full-Time,Clinical,0,2,1
4141823175.0,20163,7.5,"'BUAD-302', 'GSBA-542', 'BUCO-503', 'WRIT-340', 'BUCO-425'",Full-Time,Clinical,0,2,1
4141823175.0,20171,6.0,"'BUAD-302', 'GSBA-542', 'BUCO-503', 'WRIT-340', 'BUCO-425'",Full-Time,Clinical,0,2,1
4141823175.0,20161,6.0,"'BUAD-302', 'GSBA-542', 'BUCO-503', 'WRIT-340', 'BUCO-425'",Full-Time,Clinical,1,2,0
4141823175.0,20172,5.0,"'BUAD-302', 'GSBA-542', 'BUCO-503', 'WRIT-340', 'BUCO-425'",Full-Time,Clinical,0,1,2
4141823175.0,20162,5.0,"'BUAD-302', 'GSBA-542', 'BUCO-503', 'WRIT-340', 'BUCO-425'",Full-Time,Clinical,1,2,0
8923191827.0,20161,8.0,"'BUAD-286A', 'BUAD-493', 'BUAD-280', 'BUAD-281'",Full-Time,Clinical,2,0,1
8923191827.0,20171,7.0,"'BUAD-286A', 'BUAD-493', 'BUAD-280', 'BUAD-281'",Full-Time,Clinical,1,0,2
8923191827.0,20153,6.0,"'BUAD-286A', 'BUAD-493', 'BUAD-280', 'BUAD-281'",Full-Time,Clinical,0,2,1
8923191827.0,20163,4.5,"'BUAD-286A', 'BUAD-493', 'BUAD-280', 'BUAD-281'",Full-Time,Clinical,1,2,0
8923191827.0,20172,2.0,"'BUAD-286A', 'BUAD-493', 'BUAD-280', 'BUAD-281'",Full-Time,Clinical,1,2,0
8827036027.0,20171,8.0,'BUAD-304',Part-Time,Adjunct,1,0,2
5016950443.0,20161,8.0,"'BUAD-104', 'BUAD-302', 'BUCO-599'",Full-Time,Clinical,2,1,0
5016950443.0,20163,7.0,"'BUAD-104', 'BUAD-302', 'BUCO-599'",Full-Time,Clinical,0,1,2
5016950443.0,20171,6.0,"'BUAD-104', 'BUAD-302', 'BUCO-599'",Full-Time,Clinical,0,2,1
8771588524.0,20163,8.0,"'BUAD-200', 'ECON-351'",Full-Time,Clinical,2,1,0
8771588524.0,20153,4.0,"'BUAD-200', 'ECON-351'",Full-Time,Clinical,0,1,2
8771588524.0,20171,4.0,"'BUAD-200', 'ECON-351'",Full-Time,Clinical,2,1,0
8771588524.0,20161,2.0,"'BUAD-200', 'ECON-351'",Full-Time,Clinical,0,2,1
4953505698.0,20171,8.0,'GSBA-563',Full-Time,Tenure Track,2,0,1
2660216056.0,20163,8.0,"'FBE-431', 'FBE-531', 'BUAD-306'",Full-Time,Tenure Track,1,0,2
2660216056.0,20153,3.5,"'FBE-431', 'FBE-531', 'BUAD-306'",Full-Time,Tenure Track,1,0,2
2512379095.0,20161,8.0,"'BUAD-311', 'BUAD-311T', 'BUAD-104'",Full-Time,Clinical,1,2,0
2512379095.0,20153,6.0,"'BUAD-311', 'BUAD-311T', 'BUAD-104'",Full-Time,Clinical,1,2,0
2512379095.0,20171,6.0,"'BUAD-311', 'BUAD-311T', 'BUAD-104'",Full-Time,Clinical,2,0,1
2208763764.0,20171,8.0,'GSBA-548',Full-Time,Tenure Track,0,1,2
2208763764.0,20161,8.0,'GSBA-548',Full-Time,Tenure Track,1,2,0
2183780972.0,20171,8.0,"'BUAD-302', 'BUCO-503', 'BUAD-104'",Full-Time,Clinical,0,1,2
2183780972.0,20161,6.0,"'BUAD-302', 'BUCO-503', 'BUAD-104'",Full-Time,Clinical,0,2,1
2183780972.0,20153,6.0,"'BUAD-302', 'BUCO-503', 'BUAD-104'",Full-Time,Clinical,0,2,1
2183780972.0,20163,5.0,"'BUAD-302', 'BUCO-503', 'BUAD-104'",Full-Time,Clinical,0,2,1
1959247482.0,20171,8.0,"'GSBA-528', 'MKT-465', 'MKT-599', 'MKT-565', 'MKT-525', 'MKT-440', 'MKT-450'",Full-Time,Clinical,0,1,2
1959247482.0,20153,7.5,"'GSBA-528', 'MKT-465', 'MKT-599', 'MKT-565', 'MKT-525', 'MKT-440', 'MKT-450'",Full-Time,Clinical,1,2,0
1959247482.0,20163,7.0,"'GSBA-528', 'MKT-465', 'MKT-599', 'MKT-565', 'MKT-525', 'MKT-440', 'MKT-450'",Full-Time,Clinical,0,1,2
1959247482.0,20161,5.0,"'GSBA-528', 'MKT-465', 'MKT-599', 'MKT-565', 'MKT-525', 'MKT-440', 'MKT-450'",Full-Time,Clinical,1,2,0
1959247482.0,20162,4.0,"'GSBA-528', 'MKT-465', 'MKT-599', 'MKT-565', 'MKT-525', 'MKT-440', 'MKT-450'",Full-Time,Clinical,0,1,2
3161910173.0,20153,8.0,"'BUAD-306', 'FBE-431', 'FBE-531'",Full-Time,Tenure Track,0,2,1
3161910173.0,20163,3.5,"'BUAD-306', 'FBE-431', 'FBE-531'",Full-Time,Tenure Track,2,0,1
3385367463.0,20161,8.0,'BUAD-304',Full-Time,Tenure Track,2,0,1
3385367463.0,20171,6.0,'BUAD-304',Full-Time,Tenure Track,2,0,1
7482491696.0,20161,7.5,"'MKT-445', 'GSBA-580C', 'MKT-405', 'MKT-446'",Full-Time,Clinical,0,2,1
7482491696.0,20171,7.5,"'MKT-445', 'GSBA-580C', 'MKT-405', 'MKT-446'",Full-Time,Clinical,1,2,0
7482491696.0,20153,6.0,"'MKT-445', 'GSBA-580C', 'MKT-405', 'MKT-446'",Full-Time,Clinical,0,2,1
7482491696.0,20163,6.0,"'MKT-445', 'GSBA-580C', 'MKT-405', 'MKT-446'",Full-Time,Clinical,0,2,1
1164830547.0,20161,7.5,"'BAEP-423', 'BAEP-566', 'BAEP-551', 'BUAD-301'",Full-Time,Clinical,1,2,0
1164830547.0,20153,6.5,"'BAEP-423', 'BAEP-566', 'BAEP-551', 'BUAD-301'",Full-Time,Clinical,0,1,2
1164830547.0,20163,4.0,"'BAEP-423', 'BAEP-566', 'BAEP-551', 'BUAD-301'",Full-Time,Clinical,0,2,1
3302988833.0,20171,7.5,"'BUAD-310', 'GSBA-506B'",Full-Time,Tenure Track,1,0,2
3302988833.0,20161,6.0,"'BUAD-310', 'GSBA-506B'",Full-Time,Tenure Track,0,2,1
6955781366.0,20153,7.5,"'BAEP-451', 'BAEP-450', 'BAEP-423'",Full-Time,Clinical,0,2,1
6955781366.0,20163,4.0,"'BAEP-451', 'BAEP-450', 'BAEP-423'",Full-Time,Clinical,0,1,2
6955781366.0,20161,4.0,"'BAEP-451', 'BAEP-450', 'BAEP-423'",Full-Time,Clinical,0,1,2
6955781366.0,20171,4.0,"'BAEP-451', 'BAEP-450', 'BAEP-423'",Full-Time,Clinical,0,1,2
3194256634.0,20163,7.5,"'FBE-460', 'FBE-529', 'GSBA-548'",Full-Time,Clinical,0,1,2
3194256634.0,20153,6.0,"'FBE-460', 'FBE-529', 'GSBA-548'",Full-Time,Clinical,1,2,0
3194256634.0,20161,6.0,"'FBE-460', 'FBE-529', 'GSBA-548'",Full-Time,Clinical,1,2,0
3194256634.0,20171,5.5,"'FBE-460', 'FBE-529', 'GSBA-548'",Full-Time,Clinical,0,2,1
6257931545.0,20163,7.5,'GSBA-562A',Full-Time,Clinical,0,2,1
6337843587.0,20163,7.5,"'FBE-571', 'GSBA-571'",Full-Time,Clinical,2,1,0
6337843587.0,20153,3.0,"'FBE-571', 'GSBA-571'",Full-Time,Clinical,0,2,1
2627332098.0,20153,7.5,"'GSBA-540', 'MOR-602'",Full-Time,Tenure Track,0,2,1
2627332098.0,20163,7.5,"'GSBA-540', 'MOR-602'",Full-Time,Tenure Track,1,2,0
3671081890.0,20153,7.5,'BUAD-301',Full-Time,Clinical,2,0,1
3671081890.0,20171,5.0,'BUAD-301',Full-Time,Clinical,1,2,0
3671081890.0,20163,5.0,'BUAD-301',Full-Time,Clinical,0,2,1
3671081890.0,20161,3.0,'BUAD-301',Full-Time,Clinical,1,2,0
5150431493.0,20161,7.0,"'FBE-453A', 'FBE-553A', 'FBE-453B', 'FBE-553B', 'GSBA-521A'",Full-Time,Clinical,2,1,0
5150431493.0,20171,7.0,"'FBE-453A', 'FBE-553A', 'FBE-453B', 'FBE-553B', 'GSBA-521A'",Full-Time,Clinical,0,2,1
5150431493.0,20153,7.0,"'FBE-453A', 'FBE-553A', 'FBE-453B', 'FBE-553B', 'GSBA-521A'",Full-Time,Clinical,1,0,2
5150431493.0,20163,4.5,"'FBE-453A', 'FBE-553A', 'FBE-453B', 'FBE-553B', 'GSBA-521A'",Full-Time,Clinical,0,2,1
2192295828.0,20163,7.0,"'FBE-441', 'FBE-535'",Full-Time,Tenure Track,0,2,1
8285354200.0,20171,7.0,"'MOR-385', 'MOR-466', 'MOR-566'",Full-Time,Tenure Track,0,1,2
8285354200.0,20161,7.0,"'MOR-385', 'MOR-466', 'MOR-566'",Full-Time,Tenure Track,2,0,1
5321616964.0,20171,7.0,"'ACCT-430', 'ACCT-530'",Full-Time,Clinical,1,2,0
5321616964.0,20153,6.0,"'ACCT-430', 'ACCT-530'",Full-Time,Clinical,0,1,2
5321616964.0,20163,5.5,"'ACCT-430', 'ACCT-530'",Full-Time,Clinical,0,1,2
5321616964.0,20161,3.0,"'ACCT-430', 'ACCT-530'",Full-Time,Clinical,0,1,2
8196111138.0,20153,7.0,'BUAD-310',Full-Time,Tenure Track,2,0,1
8196111138.0,20163,5.0,'BUAD-310',Full-Time,Tenure Track,0,1,2
1251620255.0,20161,7.0,"'DSO-599', 'MKT-440'",Full-Time,Tenure Track,1,2,0
2401312539.0,20171,7.0,"'BUAD-497', 'MOR-603'",Full-Time,Tenure Track,0,1,2
2477077622.0,20172,7.0,"'ACCT-568T', 'ACCT-583', 'ACCT-561T', 'ACCT-578T'",Full-Time,Clinical,0,2,1
2477077622.0,20153,7.0,"'ACCT-568T', 'ACCT-583', 'ACCT-561T', 'ACCT-578T'",Full-Time,Clinical,1,2,0
2477077622.0,20162,5.0,"'ACCT-568T', 'ACCT-583', 'ACCT-561T', 'ACCT-578T'",Full-Time,Clinical,0,2,1
2477077622.0,20161,3.0,"'ACCT-568T', 'ACCT-583', 'ACCT-561T', 'ACCT-578T'",Full-Time,Clinical,0,2,1
2477077622.0,20163,1.5,"'ACCT-568T', 'ACCT-583', 'ACCT-561T', 'ACCT-578T'",Full-Time,Clinical,0,2,1
2477077622.0,20171,1.5,"'ACCT-568T', 'ACCT-583', 'ACCT-561T', 'ACCT-578T'",Full-Time,Clinical,2,1,0
1136904439.0,20153,7.0,"'MKT-450', 'MKT-525', 'MKT-618', 'BUAD-493'",Full-Time,Tenure Track,0,2,1
1136904439.0,20163,5.5,"'MKT-450', 'MKT-525', 'MKT-618', 'BUAD-493'",Full-Time,Tenure Track,1,2,0
1136904439.0,20161,3.0,"'MKT-450', 'MKT-525', 'MKT-618', 'BUAD-493'",Full-Time,Tenure Track,0,1,2
1136904439.0,20171,2.0,"'MKT-450', 'MKT-525', 'MKT-618', 'BUAD-493'",Full-Time,Tenure Track,0,1,2
4290815513.0,20153,6.5,"'BUAD-306', 'GSBA-521B'",Full-Time,Tenure Track,0,2,1
4290815513.0,20163,4.5,"'BUAD-306', 'GSBA-521B'",Full-Time,Tenure Track,2,0,1
9914774836.0,20171,6.5,"'FBE-560', 'FBE-460'",Full-Time,Tenure Track,1,2,0
9914774836.0,20161,4.5,"'FBE-560', 'FBE-460'",Full-Time,Tenure Track,1,0,2
4284298464.0,20161,6.5,"'FBE-440', 'FBE-554'",Full-Time,Tenure Track,2,0,1
4284298464.0,20171,5.5,"'FBE-440', 'FBE-554'",Full-Time,Tenure Track,0,2,1
6843275153.0,20171,6.0,'WRIT-340',Full-Time,Clinical,0,1,2
6843275153.0,20153,4.5,'WRIT-340',Full-Time,Clinical,0,2,1
6843275153.0,20161,4.5,'WRIT-340',Full-Time,Clinical,0,2,1
6843275153.0,20163,4.5,'WRIT-340',Full-Time,Clinical,2,0,1
6843275153.0,20162,2.5,'WRIT-340',Full-Time,Clinical,1,2,0
5080144438.0,20163,6.0,"'GSBA-552', 'MOR-565', 'MOR-603'",Full-Time,Tenure Track,0,2,1
5080144438.0,20153,6.0,"'GSBA-552', 'MOR-565', 'MOR-603'",Full-Time,Tenure Track,1,2,0
5080144438.0,20161,3.0,"'GSBA-552', 'MOR-565', 'MOR-603'",Full-Time,Tenure Track,0,2,1
6455388767.0,20161,6.0,"'BAEP-556', 'BAEP-558', 'BAEP-557', 'BUAD-301'",Emeritus,Clinical,2,0,1
6455388767.0,20153,6.0,"'BAEP-556', 'BAEP-558', 'BAEP-557', 'BUAD-301'",Emeritus,Clinical,2,0,1
6358923086.0,20153,6.0,'BUAD-310',Full-Time,Tenure Track,2,1,0
6358923086.0,20163,5.0,'BUAD-310',Full-Time,Tenure Track,0,2,1
5046076450.0,20163,6.0,"'BUAD-306', 'ECON-352'",Full-Time,Clinical,1,0,2
5046076450.0,20171,4.0,"'BUAD-306', 'ECON-352'",Full-Time,Clinical,1,2,0
5536716451.0,20153,6.0,'FBE-555',Full-Time,Tenure Track,0,1,2
5536716451.0,20163,6.0,'FBE-555',Full-Time,Tenure Track,0,2,1
7350197049.0,20161,6.0,"'MKT-525', 'MKT-530'",Emeritus,Clinical,0,1,2
7350197049.0,20171,6.0,"'MKT-525', 'MKT-530'",Emeritus,Clinical,0,2,1
7350197049.0,20153,4.5,"'MKT-525', 'MKT-530'",Emeritus,Clinical,0,2,1
7508448820.0,20161,6.0,"'BAEP-310', 'BAEP-451', 'GSBA-535', 'BAEP-452'",Full-Time,Clinical,2,1,0
7508448820.0,20171,2.0,"'BAEP-310', 'BAEP-451', 'GSBA-535', 'BAEP-452'",Full-Time,Clinical,1,2,0
6969639145.0,20161,6.0,"'ACCT-585', 'ACCT-530'",Full-Time,Clinical,2,0,1
6969639145.0,20163,4.5,"'ACCT-585', 'ACCT-530'",Full-Time,Clinical,1,2,0
6969639145.0,20153,4.5,"'ACCT-585', 'ACCT-530'",Full-Time,Clinical,0,1,2
6969639145.0,20171,1.5,"'ACCT-585', 'ACCT-530'",Full-Time,Clinical,0,2,1
9981845681.0,20161,6.0,'GSBA-555',Full-Time,Tenure Track,0,2,1
9981845681.0,20171,6.0,'GSBA-555',Full-Time,Tenure Track,1,0,2
8460123948.0,20163,6.0,'BUAD-311',Full-Time,Tenure Track,0,2,1
8460123948.0,20161,4.0,'BUAD-311',Full-Time,Tenure Track,1,2,0
8751494302.0,20161,6.0,"'ECON-352', 'BUAD-493'",Full-Time,Tenure Track,2,1,0
8751494302.0,20171,4.0,"'ECON-352', 'BUAD-493'",Full-Time,Tenure Track,0,2,1
1529436421.0,20153,6.0,"'BUAD-305', 'ACCT-410'",Full-Time,Clinical,0,1,2
1529436421.0,20163,6.0,"'BUAD-305', 'ACCT-410'",Full-Time,Clinical,0,1,2
1529436421.0,20161,6.0,"'BUAD-305', 'ACCT-410'",Full-Time,Clinical,0,2,1
1529436421.0,20171,6.0,"'BUAD-305', 'ACCT-410'",Full-Time,Clinical,1,2,0
9952101936.0,20161,6.0,"'BUAD-302', 'BUAD-302T'",Part-Time,Clinical,1,2,0
9952101936.0,20153,6.0,"'BUAD-302', 'BUAD-302T'",Part-Time,Clinical,0,1,2
9952101936.0,20163,6.0,"'BUAD-302', 'BUAD-302T'",Part-Time,Clinical,1,2,0
9952101936.0,20171,6.0,"'BUAD-302', 'BUAD-302T'",Part-Time,Clinical,1,0,2
8238349165.0,20171,6.0,'ACCT-574',Full-Time,Tenure Track,2,0,1
8308107995.0,20161,6.0,"'BUAD-201', 'BAEP-451', 'BUAD-301'",Part-Time,Adjunct,2,0,1
8308107995.0,20171,6.0,"'BUAD-201', 'BAEP-451', 'BUAD-301'",Part-Time,Adjunct,0,2,1
8308107995.0,20163,4.5,"'BUAD-201', 'BAEP-451', 'BUAD-301'",Part-Time,Adjunct,0,2,1
8308107995.0,20153,2.0,"'BUAD-201', 'BAEP-451', 'BUAD-301'",Part-Time,Adjunct,2,0,1
3290070342.0,20153,6.0,"'ACCT-546', 'GSBA-625'",Full-Time,Tenure Track,2,0,1
8316507406.0,20153,6.0,"'BUAD-285A', 'BUAD-280'",Full-Time,Tenure Track,1,0,2
8316507406.0,20163,3.0,"'BUAD-285A', 'BUAD-280'",Full-Time,Tenure Track,1,2,0
9773023680.0,20153,6.0,"'BUAD-304', 'MOR-621'",Full-Time,Tenure Track,2,0,1
9773023680.0,20171,3.0,"'BUAD-304', 'MOR-621'",Full-Time,Tenure Track,0,2,1
9773023680.0,20161,2.0,"'BUAD-304', 'MOR-621'",Full-Time,Tenure Track,0,2,1
8831311485.0,20161,6.0,"'BUAD-302T', 'WRIT-340', 'BUAD-302', 'BUCO-333'",Full-Time,Clinical,2,0,1
8831311485.0,20153,5.5,"'BUAD-302T', 'WRIT-340', 'BUAD-302', 'BUCO-333'",Full-Time,Clinical,0,1,2
8831311485.0,20163,5.0,"'BUAD-302T', 'WRIT-340', 'BUAD-302', 'BUCO-333'",Full-Time,Clinical,0,2,1
8831311485.0,20171,4.5,"'BUAD-302T', 'WRIT-340', 'BUAD-302', 'BUCO-333'",Full-Time,Clinical,0,2,1
8831311485.0,20172,2.5,"'BUAD-302T', 'WRIT-340', 'BUAD-302', 'BUCO-333'",Full-Time,Clinical,2,0,1
8831311485.0,20162,2.5,"'BUAD-302T', 'WRIT-340', 'BUAD-302', 'BUCO-333'",Full-Time,Clinical,0,2,1
9649217605.0,20171,6.0,'ACCT-410',Full-Time,Tenure Track,0,2,1
4291004010.0,20161,6.0,'ECON-351',Full-Time,Tenure Track,0,2,1
4291004010.0,20171,4.0,'ECON-351',Full-Time,Tenure Track,0,2,1
8925503255.0,20171,6.0,'BAEP-460',Part-Time,Adjunct,0,2,1
9121224455.0,20153,6.0,"'MOR-569', 'GSBA-599'",Full-Time,Tenure Track,1,2,0
9121224455.0,20161,2.0,"'MOR-569', 'GSBA-599'",Full-Time,Tenure Track,0,2,1
9121224455.0,20162,2.0,"'MOR-569', 'GSBA-599'",Full-Time,Tenure Track,0,1,2
4781393543.0,20171,6.0,"'BAEP-460', 'BAEP-559', 'BAEP-599', 'BAEP-451', 'BAEP-551'",Part-Time,Adjunct,0,1,2
4781393543.0,20163,5.0,"'BAEP-460', 'BAEP-559', 'BAEP-599', 'BAEP-451', 'BAEP-551'",Part-Time,Adjunct,1,0,2
4781393543.0,20153,5.0,"'BAEP-460', 'BAEP-559', 'BAEP-599', 'BAEP-451', 'BAEP-551'",Part-Time,Adjunct,1,2,0
4781393543.0,20161,4.5,"'BAEP-460', 'BAEP-559', 'BAEP-599', 'BAEP-451', 'BAEP-551'",Part-Time,Adjunct,0,2,1
4934471511.0,20163,6.0,'ACCT-581',Part-Time,Adjunct,2,0,1
4934471511.0,20171,3.0,'ACCT-581',Part-Time,Adjunct,2,0,1
8007145251.0,20161,6.0,"'DSO-557A', 'DSO-557B', 'DSO-549'",Full-Time,Clinical,0,2,1
8007145251.0,20163,6.0,"'DSO-557A', 'DSO-557B', 'DSO-549'",Full-Time,Clinical,2,0,1
8007145251.0,20171,6.0,"'DSO-557A', 'DSO-557B', 'DSO-549'",Full-Time,Clinical,0,2,1
8007145251.0,20153,5.0,"'DSO-557A', 'DSO-557B', 'DSO-549'",Full-Time,Clinical,2,0,1
4056859102.0,20171,5.5,"'BAEP-557', 'BUAD-301'",Full-Time,Clinical,0,1,2
9243023816.0,20153,5.5,"'BAEP-453', 'BAEP-460'",Part-Time,Adjunct,0,1,2
9243023816.0,20161,4.0,"'BAEP-453', 'BAEP-460'",Part-Time,Adjunct,1,0,2
9243023816.0,20163,4.0,"'BAEP-453', 'BAEP-460'",Part-Time,Adjunct,0,1,2
9243023816.0,20171,2.0,"'BAEP-453', 'BAEP-460'",Part-Time,Adjunct,1,0,2
1802045042.0,20161,5.5,"'MOR-569', 'MOR-469'",Full-Time,Tenure Track,0,2,1
1802045042.0,20171,4.5,"'MOR-569', 'MOR-469'",Full-Time,Tenure Track,0,1,2
7807126242.0,20161,5.5,"'BAEP-563', 'BAEP-551', 'BAEP-553'",Full-Time,Clinical,0,1,2
7807126242.0,20171,5.5,"'BAEP-563', 'BAEP-551', 'BAEP-553'",Full-Time,Clinical,0,2,1
7807126242.0,20163,1.5,"'BAEP-563', 'BAEP-551', 'BAEP-553'",Full-Time,Clinical,1,2,0
7807126242.0,20153,1.5,"'BAEP-563', 'BAEP-551', 'BAEP-553'",Full-Time,Clinical,0,2,1
8443357348.0,20163,5.5,"'ACCT-561T', 'ACCT-583'",Full-Time,Clinical,2,0,1
8443357348.0,20153,4.5,"'ACCT-561T', 'ACCT-583'",Full-Time,Clinical,0,2,1
8443357348.0,20161,1.0,"'ACCT-561T', 'ACCT-583'",Full-Time,Clinical,1,2,0
6728177697.0,20153,5.5,"'MKT-425', 'MKT-512'",Full-Time,Tenure Track,0,2,1
1077025949.0,20161,5.0,"'FBE-400', 'FBE-491'",Part-Time,Adjunct,2,0,1
1077025949.0,20171,3.0,"'FBE-400', 'FBE-491'",Part-Time,Adjunct,0,2,1
1077025949.0,20153,2.0,"'FBE-400', 'FBE-491'",Part-Time,Adjunct,0,2,1
1077025949.0,20163,2.0,"'FBE-400', 'FBE-491'",Part-Time,Adjunct,0,2,1
9740840512.0,20153,5.0,"'BUCO-333', 'WRIT-340', 'BUCO-460'",Full-Time,Clinical,2,0,1
9740840512.0,20161,5.0,"'BUCO-333', 'WRIT-340', 'BUCO-460'",Full-Time,Clinical,0,1,2
9740840512.0,20171,5.0,"'BUCO-333', 'WRIT-340', 'BUCO-460'",Full-Time,Clinical,1,2,0
9740840512.0,20163,4.5,"'BUCO-333', 'WRIT-340', 'BUCO-460'",Full-Time,Clinical,0,2,1
6560220529.0,20163,5.0,"'BUCO-503', 'WRIT-340', 'BUCO-485'",Full-Time,Clinical,0,2,1
6560220529.0,20161,4.5,"'BUCO-503', 'WRIT-340', 'BUCO-485'",Full-Time,Clinical,2,0,1
6560220529.0,20153,4.5,"'BUCO-503', 'WRIT-340', 'BUCO-485'",Full-Time,Clinical,1,0,2
6560220529.0,20171,3.0,"'BUCO-503', 'WRIT-340', 'BUCO-485'",Full-Time,Clinical,0,2,1
1546222740.0,20171,5.0,"'MKT-425', 'MKT-556'",Full-Time,Tenure Track,1,2,0
8348094639.0,20162,5.0,"'BUAD-285B', 'ACCT-474', 'ACCT-567T', 'ACCT-571T', 'ACCT-374'",Part-Time,Adjunct,1,0,2
8348094639.0,20153,4.0,"'BUAD-285B', 'ACCT-474', 'ACCT-567T', 'ACCT-571T', 'ACCT-374'",Part-Time,Adjunct,0,1,2
8348094639.0,20161,4.0,"'BUAD-285B', 'ACCT-474', 'ACCT-567T', 'ACCT-571T', 'ACCT-374'",Part-Time,Adjunct,1,2,0
8348094639.0,20171,4.0,"'BUAD-285B', 'ACCT-474', 'ACCT-567T', 'ACCT-571T', 'ACCT-374'",Part-Time,Adjunct,2,0,1
8348094639.0,20172,1.0,"'BUAD-285B', 'ACCT-474', 'ACCT-567T', 'ACCT-571T', 'ACCT-374'",Part-Time,Adjunct,1,2,0
8348094639.0,20163,1.0,"'BUAD-285B', 'ACCT-474', 'ACCT-567T', 'ACCT-571T', 'ACCT-374'",Part-Time,Adjunct,2,0,1
1357483433.0,20163,5.0,'BUAD-310',Full-Time,Tenure Track,1,2,0
8833424164.0,20153,5.0,"'BAEP-465', 'BUAD-301'",Part-Time,Adjunct,2,1,0
8833424164.0,20163,4.5,"'BAEP-465', 'BUAD-301'",Part-Time,Adjunct,0,1,2
8833424164.0,20171,4.0,"'BAEP-465', 'BUAD-301'",Part-Time,Adjunct,0,1,2
8833424164.0,20161,4.0,"'BAEP-465', 'BUAD-301'",Part-Time,Adjunct,0,2,1
5183128649.0,20171,5.0,"'BAEP-566', 'BAEP-491', 'BAEP-591'",Full-Time,Clinical,2,0,1
5183128649.0,20163,3.0,"'BAEP-566', 'BAEP-491', 'BAEP-591'",Full-Time,Clinical,0,2,1
5003610101.0,20171,5.0,'BUAD-310',Full-Time,Tenure Track,0,2,1
5003610101.0,20161,3.0,'BUAD-310',Full-Time,Tenure Track,0,1,2
2667132301.0,20161,5.0,"'MKT-402', 'BUAD-493', 'MKT-614', 'MKT-499', 'MKT-525'",Full-Time,Tenure Track,1,0,2
2667132301.0,20153,4.0,"'MKT-402', 'BUAD-493', 'MKT-614', 'MKT-499', 'MKT-525'",Full-Time,Tenure Track,0,2,1
2667132301.0,20163,4.0,"'MKT-402', 'BUAD-493', 'MKT-614', 'MKT-499', 'MKT-525'",Full-Time,Tenure Track,0,2,1
2667132301.0,20171,3.0,"'MKT-402', 'BUAD-493', 'MKT-614', 'MKT-499', 'MKT-525'",Full-Time,Tenure Track,0,1,2
6009095209.0,20163,5.0,"'MOR-542', 'MOR-554', 'MOR-462', 'GSBA-529'",Part-Time,Adjunct,0,1,2
6009095209.0,20171,4.0,"'MOR-542', 'MOR-554', 'MOR-462', 'GSBA-529'",Part-Time,Adjunct,2,0,1
6009095209.0,20161,4.0,"'MOR-542', 'MOR-554', 'MOR-462', 'GSBA-529'",Part-Time,Adjunct,1,0,2
6009095209.0,20153,3.0,"'MOR-542', 'MOR-554', 'MOR-462', 'GSBA-529'",Part-Time,Adjunct,0,1,2
4614714542.0,20161,5.0,"'FBE-421', 'FBE-423', 'FBE-435', 'FBE-523'",Full-Time,Clinical,0,1,2
4614714542.0,20153,4.0,"'FBE-421', 'FBE-423', 'FBE-435', 'FBE-523'",Full-Time,Clinical,0,1,2
4614714542.0,20171,3.0,"'FBE-421', 'FBE-423', 'FBE-435', 'FBE-523'",Full-Time,Clinical,2,0,1
4614714542.0,20163,2.0,"'FBE-421', 'FBE-423', 'FBE-435', 'FBE-523'",Full-Time,Clinical,1,2,0
6174146041.0,20171,5.0,"'ACCT-605', 'ACCT-410'",Full-Time,Tenure Track,0,2,1
6174146041.0,20161,4.0,"'ACCT-605', 'ACCT-410'",Full-Time,Tenure Track,2,0,1
6174146041.0,20153,3.0,"'ACCT-605', 'ACCT-410'",Full-Time,Tenure Track,2,1,0
5584314364.0,20171,5.0,"'ACCT-430', 'ACCT-416', 'ACCT-572'",Part-Time,Adjunct,0,1,2
5584314364.0,20163,4.0,"'ACCT-430', 'ACCT-416', 'ACCT-572'",Part-Time,Adjunct,0,1,2
5584314364.0,20161,2.0,"'ACCT-430', 'ACCT-416', 'ACCT-572'",Part-Time,Adjunct,1,2,0
3779971192.0,20163,4.5,'WRIT-340',Full-Time,Clinical,1,0,2
3779971192.0,20171,4.5,'WRIT-340',Full-Time,Clinical,0,1,2
3779971192.0,20161,4.5,'WRIT-340',Full-Time,Clinical,0,2,1
3779971192.0,20153,3.0,'WRIT-340',Full-Time,Clinical,2,0,1
3779971192.0,20172,2.5,'WRIT-340',Full-Time,Clinical,0,2,1
3779971192.0,20162,2.5,'WRIT-340',Full-Time,Clinical,1,2,0
1576148019.0,20161,4.5,'GSBA-580B',Full-Time,Tenure Track,2,0,1
1576148019.0,20171,4.5,'GSBA-580B',Full-Time,Tenure Track,2,0,1
7019055214.0,20163,4.5,'GSBA-542',Full-Time,Clinical,1,2,0
7019055214.0,20153,4.5,'GSBA-542',Full-Time,Clinical,0,2,1
1250181792.0,20171,4.5,"'GSBA-604', 'BUAD-310', 'DSO-530'",Full-Time,Tenure Track,2,0,1
1250181792.0,20153,3.0,"'GSBA-604', 'BUAD-310', 'DSO-530'",Full-Time,Tenure Track,0,1,2
1250181792.0,20161,2.0,"'GSBA-604', 'BUAD-310', 'DSO-530'",Full-Time,Tenure Track,1,0,2
7385767656.0,20171,4.5,"'ACCT-557', 'ACCT-630'",Full-Time,Tenure Track,0,2,1
7385767656.0,20161,3.5,"'ACCT-557', 'ACCT-630'",Full-Time,Tenure Track,1,2,0
7385767656.0,20153,3.0,"'ACCT-557', 'ACCT-630'",Full-Time,Tenure Track,0,2,1
7385767656.0,20163,3.0,"'ACCT-557', 'ACCT-630'",Full-Time,Tenure Track,1,2,0
1883259870.0,20171,4.5,"'DSO-586', 'GSBA-580C'",Full-Time,Tenure Track,0,2,1
1883259870.0,20161,4.5,"'DSO-586', 'GSBA-580C'",Full-Time,Tenure Track,1,2,0
2577227325.0,20163,4.5,"'MKT-555', 'GSBA-509'",Full-Time,Tenure Track,1,2,0
2577227325.0,20161,3.0,"'MKT-555', 'GSBA-509'",Full-Time,Tenure Track,1,2,0
4701316719.0,20171,4.5,"'FBE-462', 'FBE-563'",Full-Time,Tenure Track,2,0,1
4701316719.0,20161,4.5,"'FBE-462', 'FBE-563'",Full-Time,Tenure Track,0,2,1
6007659381.0,20171,4.5,'DSO-599',Full-Time,Tenure Track,0,1,2
9693556059.0,20153,4.5,'WRIT-340',Full-Time,Clinical,0,1,2
9693556059.0,20163,3.0,'WRIT-340',Full-Time,Clinical,2,0,1
9693556059.0,20171,3.0,'WRIT-340',Full-Time,Clinical,2,0,1
9693556059.0,20161,2.0,'WRIT-340',Full-Time,Clinical,1,0,2
3616170515.0,20171,4.5,'BUAD-281',Full-Time,Tenure Track,0,2,1
2507121474.0,20161,4.5,"'FBE-535', 'FBE-559'",Full-Time,Tenure Track,0,2,1
2507121474.0,20171,3.0,"'FBE-535', 'FBE-559'",Full-Time,Tenure Track,0,2,1
1112011252.0,20163,4.5,'MKT-543',Full-Time,Tenure Track,2,0,1
2536464603.0,20153,4.5,"'MKT-526', 'MKT-615'",Full-Time,Tenure Track,1,2,0
2536464603.0,20161,3.0,"'MKT-526', 'MKT-615'",Full-Time,Tenure Track,1,2,0
2536464603.0,20171,1.5,"'MKT-526', 'MKT-615'",Full-Time,Tenure Track,1,0,2
2536464603.0,20163,1.5,"'MKT-526', 'MKT-615'",Full-Time,Tenure Track,0,1,2
4164577140.0,20153,4.5,"'GSBA-533', 'MOR-569'",Full-Time,Tenure Track,0,2,1
4164577140.0,20163,3.0,"'GSBA-533', 'MOR-569'",Full-Time,Tenure Track,0,2,1
1470720156.0,20161,4.0,"'DSO-431', 'DSO-433'",Full-Time,Tenure Track,0,2,1
1470720156.0,20171,2.0,"'DSO-431', 'DSO-433'",Full-Time,Tenure Track,1,0,2
1470720156.0,20163,2.0,"'DSO-431', 'DSO-433'",Full-Time,Tenure Track,0,1,2
1470720156.0,20153,2.0,"'DSO-431', 'DSO-433'",Full-Time,Tenure Track,0,2,1
7818497025.0,20163,4.0,'BUAD-302',Full-Time,Clinical,0,2,1
7818497025.0,20153,2.0,'BUAD-302',Full-Time,Clinical,0,1,2
7818497025.0,20161,2.0,'BUAD-302',Full-Time,Clinical,1,0,2
7818497025.0,20171,2.0,'BUAD-302',Full-Time,Clinical,0,2,1
7715842705.0,20171,4.0,"'DSO-671', 'DSO-599', 'BUAD-311'",Full-Time,Tenure Track,0,2,1
7715842705.0,20161,1.5,"'DSO-671', 'DSO-599', 'BUAD-311'",Full-Time,Tenure Track,2,0,1
7715842705.0,20153,1.5,"'DSO-671', 'DSO-599', 'BUAD-311'",Full-Time,Tenure Track,1,0,2
5065638792.0,20163,4.0,'BUAD-497',Full-Time,Tenure Track,0,2,1
2939366986.0,20171,4.0,'BUAD-311',Full-Time,Tenure Track,1,0,2
9313507427.0,20171,4.0,"'BUAD-497', 'MOR-542'",Part-Time,Adjunct,2,0,1
9313507427.0,20163,3.5,"'BUAD-497', 'MOR-542'",Part-Time,Adjunct,1,0,2
9199489675.0,20161,4.0,'BUAD-311',Full-Time,Tenure Track,1,0,2
9199489675.0,20171,4.0,'BUAD-311',Full-Time,Tenure Track,0,1,2
3881037728.0,20171,4.0,'BUAD-307',Full-Time,Tenure Track,0,1,2
3881037728.0,20153,4.0,'BUAD-307',Full-Time,Tenure Track,0,1,2
3878302948.0,20161,4.0,'BUAD-497',Full-Time,Tenure Track,1,0,2
9497999251.0,20163,4.0,'DSO-428',Full-Time,Tenure Track,0,2,1
9606531455.0,20161,4.0,'ECON-352',Full-Time,Tenure Track,0,2,1
4321710506.0,20153,4.0,"'BUAD-302', 'BUCO-450'",Full-Time,Clinical,0,2,1
4321710506.0,20163,4.0,"'BUAD-302', 'BUCO-450'",Full-Time,Clinical,0,1,2
4321710506.0,20171,4.0,"'BUAD-302', 'BUCO-450'",Full-Time,Clinical,2,0,1
4664296852.0,20163,4.0,'MKT-450',Full-Time,Tenure Track,1,2,0
1257324732.0,20171,4.0,"'FBE-391', 'FBE-400'",Part-Time,Adjunct,1,2,0
1257324732.0,20161,2.0,"'FBE-391', 'FBE-400'",Part-Time,Adjunct,1,2,0
8424406505.0,20161,4.0,'FBE-432',Full-Time,Tenure Track,0,1,2
8424406505.0,20171,4.0,'FBE-432',Full-Time,Tenure Track,0,2,1
8703536752.0,20161,4.0,"'BAEP-452', 'BAEP-496', 'BAEP-499'",Part-Time,Adjunct,0,2,1
8703536752.0,20163,4.0,"'BAEP-452', 'BAEP-496', 'BAEP-499'",Part-Time,Adjunct,1,0,2
8703536752.0,20153,2.0,"'BAEP-452', 'BAEP-496', 'BAEP-499'",Part-Time,Adjunct,0,2,1
8703536752.0,20171,2.0,"'BAEP-452', 'BAEP-496', 'BAEP-499'",Part-Time,Adjunct,1,0,2
7583032748.0,20171,4.0,"'ECON-351', 'ECON-352'",Part-Time,Adjunct,0,2,1
4424757747.0,20171,4.0,'BUAD-497',Part-Time,Adjunct,0,2,1
6748609586.0,20153,4.0,'FBE-391',Full-Time,Tenure Track,0,2,1
6748609586.0,20163,4.0,'FBE-391',Full-Time,Tenure Track,0,2,1
2231184576.0,20162,4.0,'FBE-599',Full-Time,Tenure Track,0,1,2
2231184576.0,20171,3.0,'FBE-599',Full-Time,Tenure Track,0,2,1
6119232961.0,20172,4.0,"'DSO-547', 'DSO-581', 'DSO-520'",Part-Time,Adjunct,2,0,1
6119232961.0,20162,4.0,"'DSO-547', 'DSO-581', 'DSO-520'",Part-Time,Adjunct,0,1,2
6119232961.0,20161,3.0,"'DSO-547', 'DSO-581', 'DSO-520'",Part-Time,Adjunct,2,0,1
6119232961.0,20153,3.0,"'DSO-547', 'DSO-581', 'DSO-520'",Part-Time,Adjunct,2,1,0
6119232961.0,20163,3.0,"'DSO-547', 'DSO-581', 'DSO-520'",Part-Time,Adjunct,0,2,1
2605547111.0,20172,4.0,'MKT-528',Part-Time,Adjunct,1,0,2
2605547111.0,20162,4.0,'MKT-528',Part-Time,Adjunct,0,1,2
2605547111.0,20153,3.0,'MKT-528',Part-Time,Adjunct,0,2,1
2605547111.0,20163,3.0,'MKT-528',Part-Time,Adjunct,2,0,1
7005495623.0,20161,4.0,'BUAD-497',Full-Time,Tenure Track,2,0,1
7005495623.0,20171,4.0,'BUAD-497',Full-Time,Tenure Track,0,1,2
7147248862.0,20163,4.0,'ACCT-550T',Part-Time,Adjunct,0,2,1
7147248862.0,20153,4.0,'ACCT-550T',Part-Time,Adjunct,0,2,1
7348842787.0,20163,3.5,"'BAEP-460', 'BUAD-201'",Emeritus,Clinical,1,2,0
7348842787.0,20161,2.0,"'BAEP-460', 'BUAD-201'",Emeritus,Clinical,1,2,0
9293970307.0,20161,3.5,"'FBE-652', 'BUAD-493'",Full-Time,Tenure Track,2,0,1
9293970307.0,20163,3.0,"'FBE-652', 'BUAD-493'",Full-Time,Tenure Track,1,2,0
9293970307.0,20153,3.0,"'FBE-652', 'BUAD-493'",Full-Time,Tenure Track,0,2,1
6987502031.0,20171,3.5,"'BAEP-450', 'BAEP-454'",Part-Time,Adjunct,0,2,1
6987502031.0,20153,2.0,"'BAEP-450', 'BAEP-454'",Part-Time,Adjunct,0,2,1
6987502031.0,20163,2.0,"'BAEP-450', 'BAEP-454'",Part-Time,Adjunct,0,1,2
5599530459.0,20171,3.5,"'MOR-579', 'MOR-479'",Full-Time,Clinical,0,1,2
5599530459.0,20161,3.5,"'MOR-579', 'MOR-479'",Full-Time,Clinical,2,1,0
5599530459.0,20153,3.0,"'MOR-579', 'MOR-479'",Full-Time,Clinical,1,2,0
5599530459.0,20163,3.0,"'MOR-579', 'MOR-479'",Full-Time,Clinical,1,0,2
3802392111.0,20153,3.0,'MKT-535',Full-Time,Clinical,1,2,0
4257463249.0,20161,3.0,'GSBA-612',Full-Time,Tenure Track,1,0,2
3717989830.0,20171,3.0,'FBE-654',Full-Time,Tenure Track,0,2,1
3717989830.0,20161,3.0,'FBE-654',Full-Time,Tenure Track,0,2,1
1210279535.0,20171,3.0,'FBE-532',Full-Time,Tenure Track,0,1,2
1210279535.0,20153,1.5,'FBE-532',Full-Time,Tenure Track,0,2,1
1210279535.0,20163,1.5,'FBE-532',Full-Time,Tenure Track,2,1,0
3711358745.0,20171,3.0,'FBE-655',Full-Time,Tenure Track,2,0,1
3711358745.0,20161,3.0,'FBE-655',Full-Time,Tenure Track,2,0,1
7007531011.0,20153,3.0,'FBE-653',Full-Time,Tenure Track,0,2,1
7007531011.0,20163,3.0,'FBE-653',Full-Time,Tenure Track,1,2,0
3381223323.0,20163,3.0,'WRIT-340',Part-Time,Clinical,1,0,2
3381223323.0,20171,3.0,'WRIT-340',Part-Time,Clinical,0,1,2
3381223323.0,20161,3.0,'WRIT-340',Part-Time,Clinical,1,0,2
3381223323.0,20153,3.0,'WRIT-340',Part-Time,Clinical,1,2,0
4620084446.0,20171,3.0,'BAEP-452',Part-Time,Adjunct,1,0,2
4620084446.0,20163,2.0,'BAEP-452',Part-Time,Adjunct,2,0,1
2277584961.0,20171,3.0,'WRIT-340',Full-Time,Clinical,0,2,1
2277584961.0,20163,3.0,'WRIT-340',Full-Time,Clinical,1,0,2
2277584961.0,20161,3.0,'WRIT-340',Full-Time,Clinical,1,2,0
2277584961.0,20153,3.0,'WRIT-340',Full-Time,Clinical,0,1,2
3306892376.0,20163,3.0,"'BUAD-499', 'FBE-589'",Full-Time,Tenure Track,2,1,0
3306892376.0,20171,3.0,"'BUAD-499', 'FBE-589'",Full-Time,Tenure Track,0,1,2
3306892376.0,20161,3.0,"'BUAD-499', 'FBE-589'",Full-Time,Tenure Track,1,2,0
6187537395.0,20163,3.0,'BAEP-556',Part-Time,Adjunct,2,0,1
3980825793.0,20171,3.0,"'BAEP-491', 'BAEP-460'",Part-Time,Adjunct,0,2,1
3980825793.0,20161,2.0,"'BAEP-491', 'BAEP-460'",Part-Time,Adjunct,1,2,0
4075570289.0,20161,3.0,"'DSO-599', 'DSO-607'",Full-Time,Tenure Track,0,1,2
4075570289.0,20163,3.0,"'DSO-599', 'DSO-607'",Full-Time,Tenure Track,0,1,2
1154208817.0,20163,3.0,'WRIT-340',Part-Time,Clinical,1,2,0
1154208817.0,20171,3.0,'WRIT-340',Part-Time,Clinical,0,1,2
1275178425.0,20161,3.0,'ACCT-584',Part-Time,Adjunct,0,2,1
9285070616.0,20171,3.0,'BAEP-560',Part-Time,Adjunct,0,1,2
9285070616.0,20161,3.0,'BAEP-560',Part-Time,Adjunct,0,2,1
6534216116.0,20161,3.0,'DSO-599',Part-Time,Adjunct,0,2,1
2483655641.0,20171,3.0,'BAEP-460',Full-Time,Tenure Track,1,0,2
7535586267.0,20171,3.0,'BUAD-280',Full-Time,Tenure Track,0,1,2
1592468517.0,20153,3.0,'WRIT-340',Full-Time,Clinical,1,0,2
1592468517.0,20171,3.0,'WRIT-340',Full-Time,Clinical,0,2,1
1592468517.0,20163,3.0,'WRIT-340',Full-Time,Clinical,1,2,0
1592468517.0,20161,2.0,'WRIT-340',Full-Time,Clinical,0,2,1
2233409348.0,20171,3.0,'DSO-570',Full-Time,Tenure Track,0,2,1
2233409348.0,20161,3.0,'DSO-570',Full-Time,Tenure Track,0,2,1
7468149372.0,20161,3.0,'MOR-548',Full-Time,Tenure Track,0,2,1
1816926825.0,20163,3.0,'DSO-670',Full-Time,Tenure Track,0,2,1
2959613432.0,20161,3.0,'BAEP-561',Part-Time,Adjunct,1,0,2
2959613432.0,20171,3.0,'BAEP-561',Part-Time,Adjunct,1,0,2
7964993373.0,20171,3.0,'DSO-581',Part-Time,Adjunct,0,2,1
3219669129.0,20163,3.0,'DSO-573',Part-Time,Adjunct,0,2,1
3219669129.0,20153,3.0,'DSO-573',Part-Time,Adjunct,0,2,1
2144151856.0,20171,3.0,'DSO-599',Part-Time,Adjunct,2,0,1
1295057878.0,20162,2.5,'MKT-450',Part-Time,Adjunct,2,0,1
7035469761.0,20161,2.5,'MKT-565',Full-Time,Tenure Track,0,2,1
7035469761.0,20171,2.5,'MKT-565',Full-Time,Tenure Track,1,2,0
2725554971.0,20163,2.0,'MOR-451',Full-Time,Tenure Track,2,0,1
2725554971.0,20153,2.0,'MOR-451',Full-Time,Tenure Track,1,0,2
4104938639.0,20161,2.0,'BAEP-470',Part-Time,Adjunct,0,2,1
4104938639.0,20171,2.0,'BAEP-470',Part-Time,Adjunct,0,1,2
9306947775.0,20153,2.0,'FBE-462',Emeritus,Tenure Track,2,0,1
1865630246.0,20161,2.0,'BUCO-450',Full-Time,Clinical,0,1,2
7367729285.0,20171,2.0,'MOR-421',Full-Time,Clinical,1,2,0
7367729285.0,20161,2.0,'MOR-421',Full-Time,Clinical,1,2,0
8528377304.0,20171,2.0,'MKT-402',Full-Time,Tenure Track,1,2,0
1524702310.0,20153,2.0,'DSO-435',Full-Time,Tenure Track,0,2,1
1524702310.0,20163,2.0,'DSO-435',Full-Time,Tenure Track,0,2,1
4714841077.0,20153,2.0,'MOR-470',Part-Time,Adjunct,2,0,1
4714841077.0,20163,2.0,'MOR-470',Part-Time,Adjunct,0,1,2
8465948888.0,20161,2.0,"'ACCT-470', 'BUAD-280'",Full-Time,Tenure Track,1,0,2
8465948888.0,20171,1.5,"'ACCT-470', 'BUAD-280'",Full-Time,Tenure Track,1,2,0
4418412979.0,20153,2.0,'BUAD-101',Full-Time,Clinical,0,2,1
4418412979.0,20163,2.0,'BUAD-101',Full-Time,Clinical,0,1,2
1398374207.0,20171,2.0,'ACCT-377',Part-Time,Adjunct,1,0,2
9103582038.0,20171,2.0,'BUAD-215',Part-Time,Adjunct,0,2,1
9103582038.0,20163,2.0,'BUAD-215',Part-Time,Adjunct,1,2,0
9103582038.0,20161,2.0,'BUAD-215',Part-Time,Adjunct,0,1,2
7436850778.0,20163,1.5,'GSBA-602',Full-Time,Tenure Track,0,2,1
7436850778.0,20153,1.5,'GSBA-602',Full-Time,Tenure Track,0,2,1
5967399067.0,20163,1.5,"'ACCT-582', 'ACCT-546'",Part-Time,Adjunct,0,2,1
5967399067.0,20161,1.5,"'ACCT-582', 'ACCT-546'",Part-Time,Adjunct,1,0,2
2755095409.0,20171,1.5,'MKT-599',Full-Time,Tenure Track,2,0,1
3262619633.0,20161,1.5,'DSO-582',Full-Time,Tenure Track,2,0,1
3262619633.0,20171,1.5,'DSO-582',Full-Time,Tenure Track,0,2,1
8228305189.0,20161,1.5,'MKT-533',Part-Time,Adjunct,2,0,1
8228305189.0,20171,1.5,'MKT-533',Part-Time,Adjunct,2,0,1
9724330373.0,20171,1.5,'ACCT-580T',Part-Time,Adjunct,0,1,2
